setting,image_id,gt_low,gt_haze,gt_rain,gt_snow,prob_low,prob_haze,prob_rain,prob_snow,pred_low,pred_haze,pred_rain,pred_snow,exact_match,gt_count,pred_count
low,2,1,0,0,0,0.999995351,1.06E-05,0.000254965,0.004123908,1,0,0,0,1,1,1
low,8,1,0,0,0,0.999994636,0.000591332,0.000171319,0.002893939,1,0,0,0,1,1,1
low,10,1,0,0,0,0.999996662,1.58E-05,0.000110237,0.004068893,1,0,0,0,1,1,1
low,13,1,0,0,0,0.99999404,0.000151763,9.11E-05,0.003430561,1,0,0,0,1,1,1
low,18,1,0,0,0,0.999997735,8.24E-06,0.000103017,0.003520133,1,0,0,0,1,1,1
low,21,1,0,0,0,0.999996305,6.98E-05,0.000709051,0.002906417,1,0,0,0,1,1,1
low,24,1,0,0,0,0.999993205,0.000490711,0.000247253,0.006829778,1,0,0,0,1,1,1
low,28,1,0,0,0,0.999995112,0.000341218,0.000157345,0.001634658,1,0,0,0,1,1,1
low,32,1,0,0,0,0.999992132,0.001835645,0.00029947,0.004669048,1,0,0,0,1,1,1
low,44,1,0,0,0,0.999995112,3.66E-05,4.52E-05,0.002375136,1,0,0,0,1,1,1
low,54,1,0,0,0,0.99999249,0.000284178,7.19E-05,0.003726926,1,0,0,0,1,1,1
low,55,1,0,0,0,0.999992847,0.001166222,0.000114826,0.002866111,1,0,0,0,1,1,1
low,58,1,0,0,0,0.999992371,0.000139761,8.70E-05,0.00345752,1,0,0,0,1,1,1
low,60,1,0,0,0,0.999993563,0.000320105,0.000123305,0.003268589,1,0,0,0,1,1,1
low,62,1,0,0,0,0.999987245,0.000145699,0.000123772,0.006877544,1,0,0,0,1,1,1
low,67,1,0,0,0,0.999992967,0.000244214,0.000437693,0.005959116,1,0,0,0,1,1,1
low,71,1,0,0,0,0.999994874,6.53E-06,0.00020807,0.018514484,1,0,0,0,1,1,1
low,72,1,0,0,0,0.999986887,0.024589324,0.000139231,0.005162211,1,0,0,0,1,1,1
low,74,1,0,0,0,0.999994755,8.91E-05,4.73E-05,0.003108545,1,0,0,0,1,1,1
low,75,1,0,0,0,0.999995232,0.001534669,0.000107822,0.002344643,1,0,0,0,1,1,1
low,81,1,0,0,0,0.999986649,0.008940159,0.00138305,0.009732207,1,0,0,0,1,1,1
low,88,1,0,0,0,0.999996543,0.000125057,0.000233217,0.00328045,1,0,0,0,1,1,1
low,93,1,0,0,0,0.999995828,2.42E-07,2.97E-05,0.001986725,1,0,0,0,1,1,1
low,95,1,0,0,0,0.999991298,0.008048465,0.000614777,0.008033579,1,0,0,0,1,1,1
low,96,1,0,0,0,0.999995112,4.30E-05,0.00013804,0.004202316,1,0,0,0,1,1,1
low,102,1,0,0,0,0.999940038,0.000620119,0.000723977,0.121488221,1,0,0,0,1,1,1
low,111,1,0,0,0,0.999994874,1.61E-05,0.000183413,0.011052645,1,0,0,0,1,1,1
low,115,1,0,0,0,0.999996066,3.65E-05,0.000107837,0.0033286,1,0,0,0,1,1,1
low,121,1,0,0,0,0.999995947,0.000107827,0.000140781,0.003057949,1,0,0,0,1,1,1
low,124,1,0,0,0,0.999996424,7.99E-05,0.000404736,0.004646951,1,0,0,0,1,1,1
low,125,1,0,0,0,0.999996066,0.000136596,3.73E-05,0.001560609,1,0,0,0,1,1,1
low,128,1,0,0,0,0.999991655,0.003427106,0.000186871,0.002810395,1,0,0,0,1,1,1
low,131,1,0,0,0,0.999994993,0.000325948,0.000194234,0.003403357,1,0,0,0,1,1,1
low,135,1,0,0,0,0.999997735,6.47E-06,3.47E-05,0.001922689,1,0,0,0,1,1,1
low,140,1,0,0,0,0.999994159,0.000579978,0.000150741,0.004287938,1,0,0,0,1,1,1
low,143,1,0,0,0,0.999996662,0.000103834,0.000268371,0.002494462,1,0,0,0,1,1,1
low,145,1,0,0,0,0.999987721,0.002655943,0.000563029,0.02083401,1,0,0,0,1,1,1
low,146,1,0,0,0,0.99999094,0.005330039,9.68E-05,0.003052421,1,0,0,0,1,1,1
low,151,1,0,0,0,0.999991894,0.002131868,0.000124534,0.003151745,1,0,0,0,1,1,1
low,156,1,0,0,0,0.999991894,0.009425412,0.000119388,0.003844832,1,0,0,0,1,1,1
low,157,1,0,0,0,0.999993086,0.000852364,0.000807905,0.010771227,1,0,0,0,1,1,1
low,173,1,0,0,0,0.999991298,0.001041371,0.00022911,0.009535924,1,0,0,0,1,1,1
low,181,1,0,0,0,0.999993324,0.000710129,0.000382511,0.00918896,1,0,0,0,1,1,1
low,191,1,0,0,0,0.999993801,0.000769813,7.19E-05,0.001997016,1,0,0,0,1,1,1
low,205,1,0,0,0,0.999994159,0.000825598,0.000949419,0.008203259,1,0,0,0,1,1,1
low,208,1,0,0,0,0.999992847,0.001473042,7.62E-05,0.001967903,1,0,0,0,1,1,1
low,213,1,0,0,0,0.999991298,0.002591248,0.000171719,0.003815988,1,0,0,0,1,1,1
low,218,1,0,0,0,0.99999702,4.20E-05,0.000118511,0.003166989,1,0,0,0,1,1,1
low,221,1,0,0,0,0.999993443,0.000376595,0.00041908,0.003155041,1,0,0,0,1,1,1
low,222,1,0,0,0,0.999990702,0.001193382,0.00016191,0.006086781,1,0,0,0,1,1,1
low,226,1,0,0,0,0.999995351,0.000285356,0.00015206,0.003903642,1,0,0,0,1,1,1
low,231,1,0,0,0,0.999995232,0.001549779,0.000190881,0.003137576,1,0,0,0,1,1,1
low,321,1,0,0,0,0.999994755,0.000200529,5.63E-05,0.002710132,1,0,0,0,1,1,1
low,337,1,0,0,0,0.99999547,0.001920085,6.85E-05,0.002722586,1,0,0,0,1,1,1
low,339,1,0,0,0,0.999996662,3.08E-05,8.00E-05,0.002464784,1,0,0,0,1,1,1
low,343,1,0,0,0,0.999994397,3.78E-05,0.000107493,0.002853626,1,0,0,0,1,1,1
low,344,1,0,0,0,0.999995828,9.90E-05,0.000322591,0.003281565,1,0,0,0,1,1,1
low,347,1,0,0,0,0.999993324,7.56E-05,4.59E-05,0.002069566,1,0,0,0,1,1,1
low,357,1,0,0,0,0.999996305,3.29E-05,0.000357426,0.003270418,1,0,0,0,1,1,1
low,359,1,0,0,0,0.999966383,0.004123402,0.002039111,0.050207883,1,0,0,0,1,1,1
low,360,1,0,0,0,0.999996424,0.000132051,5.73E-05,0.001735584,1,0,0,0,1,1,1
low,364,1,0,0,0,0.999984503,0.014261837,0.00093432,0.011964208,1,0,0,0,1,1,1
low,366,1,0,0,0,0.999993801,0.000652699,0.000258616,0.002812646,1,0,0,0,1,1,1
low,370,1,0,0,0,0.999991655,1.31E-05,0.000268443,0.020058116,1,0,0,0,1,1,1
low,371,1,0,0,0,0.999994516,0.000338689,9.34E-05,0.003501702,1,0,0,0,1,1,1
low,372,1,0,0,0,0.999993563,0.000283038,0.000159735,0.006848579,1,0,0,0,1,1,1
low,374,1,0,0,0,0.999991775,0.004287972,0.000544407,0.012456209,1,0,0,0,1,1,1
low,376,1,0,0,0,0.999994874,0.001650939,0.00082455,0.00789055,1,0,0,0,1,1,1
low,400,1,0,0,0,0.99998796,0.080632918,0.000172928,0.00438335,1,0,0,0,1,1,1
low,421,1,0,0,0,0.999990582,0.001738116,0.001126979,0.013770675,1,0,0,0,1,1,1
low,422,1,0,0,0,0.999994636,0.000150295,0.000120272,0.004049622,1,0,0,0,1,1,1
low,431,1,0,0,0,0.999994278,0.001175418,0.000265263,0.003401279,1,0,0,0,1,1,1
low,432,1,0,0,0,0.999991059,0.000693463,0.000252861,0.006057522,1,0,0,0,1,1,1
low,448,1,0,0,0,0.99999094,0.000480257,9.50E-05,0.005005534,1,0,0,0,1,1,1
low,468,1,0,0,0,0.999995828,9.90E-05,9.51E-05,0.00417003,1,0,0,0,1,1,1
low,469,1,0,0,0,0.999996543,0.000163506,0.000117552,0.003412399,1,0,0,0,1,1,1
low,471,1,0,0,0,0.999984503,0.001716509,0.001930685,0.030063823,1,0,0,0,1,1,1
low,473,1,0,0,0,0.999998331,4.63E-07,4.70E-05,0.001560625,1,0,0,0,1,1,1
low,475,1,0,0,0,0.999991894,0.000980456,0.000195097,0.007212505,1,0,0,0,1,1,1
low,480,1,0,0,0,0.999988794,0.001360521,0.001011154,0.023977654,1,0,0,0,1,1,1
low,484,1,0,0,0,0.999996066,0.00014698,0.000170861,0.004403661,1,0,0,0,1,1,1
low,492,1,0,0,0,0.999992728,0.000252999,5.90E-05,0.002252917,1,0,0,0,1,1,1
low,493,1,0,0,0,0.999993205,0.000125809,0.000498106,0.003473575,1,0,0,0,1,1,1
low,498,1,0,0,0,0.999991417,0.001419081,0.000156739,0.005228579,1,0,0,0,1,1,1
low,503,1,0,0,0,0.999994516,0.000523163,7.47E-05,0.001789478,1,0,0,0,1,1,1
low,509,1,0,0,0,0.999994159,2.97E-05,0.000166192,0.00700282,1,0,0,0,1,1,1
low,556,1,0,0,0,0.999996424,0.000398476,0.000173558,0.003370094,1,0,0,0,1,1,1
low,582,1,0,0,0,0.99999404,0.001936911,0.000257188,0.002969022,1,0,0,0,1,1,1
low,605,1,0,0,0,0.999995708,0.000187918,0.000105384,0.002709229,1,0,0,0,1,1,1
low,614,1,0,0,0,0.999988914,0.000806925,0.000233787,0.013318196,1,0,0,0,1,1,1
low,617,1,0,0,0,0.999993086,0.000204968,5.63E-05,0.001536462,1,0,0,0,1,1,1
low,645,1,0,0,0,0.99999547,5.53E-05,0.000212787,0.005666724,1,0,0,0,1,1,1
low,648,1,0,0,0,0.999995232,0.001145741,0.000771764,0.011550944,1,0,0,0,1,1,1
low,652,1,0,0,0,0.99999702,1.80E-05,0.001108512,0.001941482,1,0,0,0,1,1,1
low,657,1,0,0,0,0.999989986,0.002347984,0.00015825,0.0070179,1,0,0,0,1,1,1
low,659,1,0,0,0,0.999994516,0.000250638,7.28E-05,0.001977047,1,0,0,0,1,1,1
low,668,1,0,0,0,0.999996185,8.28E-05,0.000243879,0.004718204,1,0,0,0,1,1,1
low,673,1,0,0,0,0.999993443,0.000552898,4.54E-05,0.00146844,1,0,0,0,1,1,1
low,693,1,0,0,0,0.99999392,0.001990194,0.000186678,0.003842015,1,0,0,0,1,1,1
low,710,1,0,0,0,0.999992967,0.000107805,8.77E-05,0.00326789,1,0,0,0,1,1,1
low,714,1,0,0,0,0.999993205,0.003833713,0.000107215,0.001907791,1,0,0,0,1,1,1
low,730,1,0,0,0,0.999994159,0.002496988,0.000231342,0.0019577,1,0,0,0,1,1,1
low,747,1,0,0,0,0.999989271,0.00148678,0.000161192,0.003440841,1,0,0,0,1,1,1
low,850,1,0,0,0,0.999993801,3.21E-05,0.000254353,0.004905343,1,0,0,0,1,1,1
low,864,1,0,0,0,0.99999702,1.96E-05,7.10E-05,0.001671555,1,0,0,0,1,1,1
low,866,1,0,0,0,0.999995232,0.000383422,0.000287649,0.003260441,1,0,0,0,1,1,1
low,876,1,0,0,0,0.999990821,0.000676713,0.000158941,0.005299868,1,0,0,0,1,1,1
low,890,1,0,0,0,0.999991775,0.000307972,0.000482053,0.003901913,1,0,0,0,1,1,1
low,893,1,0,0,0,0.999987602,0.002571576,0.000389444,0.005232133,1,0,0,0,1,1,1
low,906,1,0,0,0,0.999990582,0.002923079,0.000151742,0.003013471,1,0,0,0,1,1,1
low,915,1,0,0,0,0.999996901,0.000107447,0.000264387,0.003242619,1,0,0,0,1,1,1
low,917,1,0,0,0,0.99999702,5.39E-05,7.83E-05,0.001572026,1,0,0,0,1,1,1
low,919,1,0,0,0,0.999990463,0.001376773,0.000322771,0.01213185,1,0,0,0,1,1,1
low,922,1,0,0,0,0.999995112,0.000258967,8.29E-05,0.00207035,1,0,0,0,1,1,1
low,923,1,0,0,0,0.999996781,5.31E-05,6.28E-05,0.001813245,1,0,0,0,1,1,1
low,943,1,0,0,0,0.999995708,0.000141053,7.03E-05,0.001930936,1,0,0,0,1,1,1
low,964,1,0,0,0,0.999990344,9.09E-05,0.000226949,0.020494571,1,0,0,0,1,1,1
low,974,1,0,0,0,0.999993443,0.000644107,7.26E-05,0.001388563,1,0,0,0,1,1,1
low,977,1,0,0,0,0.999995947,8.10E-05,9.90E-05,0.002138571,1,0,0,0,1,1,1
low,986,1,0,0,0,0.999994159,0.000343639,6.57E-05,0.003157707,1,0,0,0,1,1,1
low,994,1,0,0,0,0.999990821,0.002594146,0.000149853,0.001889218,1,0,0,0,1,1,1
low,1039,1,0,0,0,0.999991894,0.001272007,0.000150434,0.004713438,1,0,0,0,1,1,1
low,1105,1,0,0,0,0.999995351,0.000434578,0.001047157,0.005645323,1,0,0,0,1,1,1
low,1148,1,0,0,0,0.999993324,0.000263687,0.000121662,0.003955808,1,0,0,0,1,1,1
low,1218,1,0,0,0,0.99999392,0.002048541,0.000959426,0.010265758,1,0,0,0,1,1,1
low,1244,1,0,0,0,0.999993324,0.001278233,0.000364069,0.008395172,1,0,0,0,1,1,1
low,1402,1,0,0,0,0.999994755,0.001033639,0.000195556,0.003375138,1,0,0,0,1,1,1
low,1792,1,0,0,0,0.999987483,0.001005353,0.000155642,0.004036758,1,0,0,0,1,1,1
low,1970,1,0,0,0,0.999994993,4.59E-06,0.000477013,0.004342353,1,0,0,0,1,1,1
low,2155,1,0,0,0,0.999996066,0.000105259,0.000349985,0.00372651,1,0,0,0,1,1,1
low,2172,1,0,0,0,0.999990106,0.001007125,0.000248341,0.009189502,1,0,0,0,1,1,1
low,2322,1,0,0,0,0.999987364,0.000574608,0.001101236,0.010344103,1,0,0,0,1,1,1
low,2331,1,0,0,0,0.999995589,0.00023568,0.000233571,0.004575191,1,0,0,0,1,1,1
low,2335,1,0,0,0,0.99998939,0.00068989,6.29E-05,0.002801561,1,0,0,0,1,1,1
low,2421,1,0,0,0,0.999991655,0.000949647,0.000127975,0.00321773,1,0,0,0,1,1,1
low,2430,1,0,0,0,0.999990702,0.006848177,0.000136424,0.003170959,1,0,0,0,1,1,1
low,2441,1,0,0,0,0.999993443,0.001637463,0.00113369,0.017948912,1,0,0,0,1,1,1
low,2459,1,0,0,0,0.999989152,0.059100181,0.000165253,0.004527211,1,0,0,0,1,1,1
low,2467,1,0,0,0,0.999993324,0.00054887,0.000268302,0.008532438,1,0,0,0,1,1,1
low,2521,1,0,0,0,0.999995708,3.29E-05,5.12E-05,0.002121202,1,0,0,0,1,1,1
low,2542,1,0,0,0,0.999995828,9.19E-05,6.87E-05,0.002539229,1,0,0,0,1,1,1
low,2559,1,0,0,0,0.999994516,0.000741307,0.000251848,0.005502656,1,0,0,0,1,1,1
low,2564,1,0,0,0,0.999994874,0.000625058,0.000234348,0.003412846,1,0,0,0,1,1,1
low,2566,1,0,0,0,0.999996543,0.00024479,0.000368889,0.003144447,1,0,0,0,1,1,1
low,2569,1,0,0,0,0.999995708,0.000126125,0.000363757,0.007878603,1,0,0,0,1,1,1
low,2602,1,0,0,0,0.99998951,7.38E-05,0.001104125,0.004122057,1,0,0,0,1,1,1
low,2782,1,0,0,0,0.999996066,8.73E-05,9.38E-05,0.001719145,1,0,0,0,1,1,1
low,2958,1,0,0,0,0.999996066,2.71E-05,0.000355249,0.005208449,1,0,0,0,1,1,1
low,3028,1,0,0,0,0.999994993,0.001552548,0.000165764,0.002863916,1,0,0,0,1,1,1
low,3089,1,0,0,0,0.999993086,0.002111265,5.35E-05,0.00125172,1,0,0,0,1,1,1
low,3143,1,0,0,0,0.999994278,0.00048346,0.000107637,0.002716038,1,0,0,0,1,1,1
low,3248,1,0,0,0,0.999994755,0.000110444,0.000109145,0.004046882,1,0,0,0,1,1,1
low,3266,1,0,0,0,0.999991894,0.000476436,0.000194932,0.006226988,1,0,0,0,1,1,1
low,3278,1,0,0,0,0.999995351,0.001208176,0.000280864,0.003880126,1,0,0,0,1,1,1
low,3516,1,0,0,0,0.999990702,0.000195246,0.000692876,0.012745105,1,0,0,0,1,1,1
low,3826,1,0,0,0,0.999991059,0.002498637,3.41E-05,0.000936131,1,0,0,0,1,1,1
low,4073,1,0,0,0,0.999987245,0.007112526,0.000478047,0.007929249,1,0,0,0,1,1,1
low,4105,1,0,0,0,0.999995828,0.000160144,0.000161379,0.003334011,1,0,0,0,1,1,1
low,4138,1,0,0,0,0.999989629,0.038088035,0.00048361,0.005888285,1,0,0,0,1,1,1
low,4181,1,0,0,0,0.999994874,0.000699639,0.00026252,0.002543676,1,0,0,0,1,1,1
low,4435,1,0,0,0,0.999996662,0.000150806,0.000276535,0.002651334,1,0,0,0,1,1,1
low,4519,1,0,0,0,0.999992609,0.006662664,0.000147904,0.003301206,1,0,0,0,1,1,1
low,4534,1,0,0,0,0.99999547,0.000119695,9.40E-05,0.003263517,1,0,0,0,1,1,1
low,4566,1,0,0,0,0.999996185,0.000230639,0.000121731,0.007231894,1,0,0,0,1,1,1
low,4622,1,0,0,0,0.99999547,0.000153879,4.48E-05,0.002048761,1,0,0,0,1,1,1
low,4647,1,0,0,0,0.999995351,0.000158162,6.59E-05,0.002337924,1,0,0,0,1,1,1
low,6941,1,0,0,0,0.999994397,0.000546381,0.000270481,0.004462057,1,0,0,0,1,1,1
low,6942,1,0,0,0,0.999996066,3.80E-05,0.001169364,0.005398908,1,0,0,0,1,1,1
low,6945,1,0,0,0,0.999996066,0.000124665,0.000119328,0.00263447,1,0,0,0,1,1,1
low,6946,1,0,0,0,0.99999547,0.000137698,0.000702757,0.009159118,1,0,0,0,1,1,1
low,6951,1,0,0,0,0.999988675,3.29E-05,0.000256155,0.016829608,1,0,0,0,1,1,1
low,6955,1,0,0,0,0.999995589,5.69E-05,7.28E-05,0.003691395,1,0,0,0,1,1,1
low,6963,1,0,0,0,0.999997377,3.31E-05,0.000212931,0.003827626,1,0,0,0,1,1,1
low,6968,1,0,0,0,0.999991179,0.000723457,0.000410111,0.019930711,1,0,0,0,1,1,1
low,6975,1,0,0,0,0.999989986,0.00352056,0.000330928,0.007704949,1,0,0,0,1,1,1
low,6978,1,0,0,0,0.999997854,1.74E-05,0.000128624,0.002317574,1,0,0,0,1,1,1
low,6986,1,0,0,0,0.999997258,2.18E-05,0.000279765,0.0064002,1,0,0,0,1,1,1
low,6988,1,0,0,0,0.999994159,0.000231654,0.000416881,0.006157309,1,0,0,0,1,1,1
low,7067,1,0,0,0,0.999994874,0.000810909,0.000861626,0.003008894,1,0,0,0,1,1,1
low,7072,1,0,0,0,0.999996781,2.02E-05,0.000120361,0.001909679,1,0,0,0,1,1,1
low,7074,1,0,0,0,0.999997258,1.01E-05,0.0002221,0.003329971,1,0,0,0,1,1,1
low,7077,1,0,0,0,0.999994755,0.003303537,0.000232423,0.002537,1,0,0,0,1,1,1
low,7078,1,0,0,0,0.999996901,4.12E-05,0.000249237,0.004630955,1,0,0,0,1,1,1
low,7080,1,0,0,0,0.999994278,0.0006024,0.000206786,0.006359556,1,0,0,0,1,1,1
low,7083,1,0,0,0,0.999997616,0.000133667,0.000110828,0.00190005,1,0,0,0,1,1,1
low,7086,1,0,0,0,0.99999404,0.001535511,4.37E-05,0.001543142,1,0,0,0,1,1,1
low,7087,1,0,0,0,0.999995232,0.000100673,8.22E-05,0.005794931,1,0,0,0,1,1,1
low,7090,1,0,0,0,0.999995947,0.000153439,7.31E-05,0.001923652,1,0,0,0,1,1,1
low,7096,1,0,0,0,0.999994516,0.000222415,0.000597355,0.006512243,1,0,0,0,1,1,1
low,7186,1,0,0,0,0.999995828,0.000196312,0.000380158,0.002207299,1,0,0,0,1,1,1
low,7189,1,0,0,0,0.999994636,0.001405906,0.000147716,0.004589973,1,0,0,0,1,1,1
low,7207,1,0,0,0,0.999990106,0.002700174,0.000255894,0.007870303,1,0,0,0,1,1,1
low,7214,1,0,0,0,0.999995112,5.00E-05,6.41E-05,0.002331252,1,0,0,0,1,1,1
low,7227,1,0,0,0,0.999995232,4.23E-05,0.000161109,0.002014694,1,0,0,0,1,1,1
low,7229,1,0,0,0,0.999992132,0.001029054,9.08E-05,0.003195923,1,0,0,0,1,1,1
low,7234,1,0,0,0,0.999997139,3.82E-05,0.000119973,0.003858912,1,0,0,0,1,1,1
low,7235,1,0,0,0,0.99999404,0.00016659,0.000127898,0.004058657,1,0,0,0,1,1,1
low,7236,1,0,0,0,0.999995947,0.000115197,0.000106594,0.001953004,1,0,0,0,1,1,1
low,7246,1,0,0,0,0.99999094,0.005619242,0.00042771,0.006797242,1,0,0,0,1,1,1
low,7251,1,0,0,0,0.999991775,0.000451636,0.000225533,0.007376003,1,0,0,0,1,1,1
haze,2,0,1,0,0,0.384589821,0.999307513,0.001242991,0.024950495,0,1,0,0,1,1,1
haze,8,0,1,0,0,0.230581582,0.999395251,0.001069315,0.011941858,0,1,0,0,1,1,1
haze,10,0,1,0,0,0.192455664,0.996851861,0.003566604,0.044677224,0,1,0,0,1,1,1
haze,13,0,1,0,0,0.299221396,0.99943918,0.000386655,0.014592716,0,1,0,0,1,1,1
haze,18,0,1,0,0,0.165967733,0.999385238,0.000802866,0.031714942,0,1,0,0,1,1,1
haze,21,0,1,0,0,0.270794064,0.999397874,0.003121154,0.004904923,0,1,0,0,1,1,1
haze,24,0,1,0,0,0.159086421,0.999501705,0.000555392,0.014916723,0,1,0,0,1,1,1
haze,28,0,1,0,0,0.184724376,0.998859763,0.007184262,0.026000392,0,1,0,0,1,1,1
haze,32,0,1,0,0,0.229554415,0.998961329,0.001372386,0.034399267,0,1,0,0,1,1,1
haze,44,0,1,0,0,0.2988635,0.999802053,0.000357919,0.007491142,0,1,0,0,1,1,1
haze,54,0,1,0,0,0.261771828,0.999827504,0.000290846,0.009824599,0,1,0,0,1,1,1
haze,55,0,1,0,0,0.275704205,0.999863982,0.000278827,0.005377749,0,1,0,0,1,1,1
haze,58,0,1,0,0,0.242853567,0.999551475,0.002564606,0.016525697,0,1,0,0,1,1,1
haze,60,0,1,0,0,0.318575978,0.99973911,0.000267912,0.012327905,0,1,0,0,1,1,1
haze,62,0,1,0,0,0.28196308,0.999776304,0.000434407,0.010481547,0,1,0,0,1,1,1
haze,67,0,1,0,0,0.248685688,0.999447286,0.000574724,0.00895429,0,1,0,0,1,1,1
haze,71,0,1,0,0,0.208144724,0.997738957,0.006205664,0.104450338,0,1,0,0,1,1,1
haze,72,0,1,0,0,0.344433129,0.999640822,0.00023644,0.007917524,0,1,0,0,1,1,1
haze,74,0,1,0,0,0.438326985,0.999895811,0.000146908,0.005378842,0,1,0,0,1,1,1
haze,75,0,1,0,0,0.355721414,0.99955231,0.000428084,0.008602548,0,1,0,0,1,1,1
haze,81,0,1,0,0,0.143539593,0.998861313,0.00235485,0.018615715,0,1,0,0,1,1,1
haze,88,0,1,0,0,0.168936908,0.999403358,0.000476396,0.017699378,0,1,0,0,1,1,1
haze,93,0,1,0,0,0.393961102,0.999811709,0.000200439,0.007272341,0,1,0,0,1,1,1
haze,95,0,1,0,0,0.212945431,0.999758065,0.00041125,0.013504474,0,1,0,0,1,1,1
haze,96,0,1,0,0,0.378748357,0.998707771,0.002308645,0.017663805,0,1,0,0,1,1,1
haze,102,0,1,0,0,0.247101456,0.998802662,0.001755996,0.093345813,0,1,0,0,1,1,1
haze,111,0,1,0,0,0.208288997,0.999570906,0.000817169,0.017524017,0,1,0,0,1,1,1
haze,115,0,1,0,0,0.19816108,0.9987275,0.001342622,0.02126554,0,1,0,0,1,1,1
haze,121,0,1,0,0,0.34720391,0.9999336,0.000215245,0.0053712,0,1,0,0,1,1,1
haze,124,0,1,0,0,0.339677781,0.999609292,0.000799309,0.012955444,0,1,0,0,1,1,1
haze,125,0,1,0,0,0.256378233,0.999521852,0.000801768,0.011144649,0,1,0,0,1,1,1
haze,128,0,1,0,0,0.243624851,0.999175489,0.0006931,0.019071896,0,1,0,0,1,1,1
haze,131,0,1,0,0,0.259926766,0.999652267,0.000837309,0.00899898,0,1,0,0,1,1,1
haze,135,0,1,0,0,0.327528626,0.999480784,0.000466907,0.013506121,0,1,0,0,1,1,1
haze,140,0,1,0,0,0.251305193,0.999634266,0.000476417,0.01268865,0,1,0,0,1,1,1
haze,143,0,1,0,0,0.392462581,0.999397755,0.000465986,0.00816328,0,1,0,0,1,1,1
haze,145,0,1,0,0,0.15768376,0.999735773,0.001095861,0.018904714,0,1,0,0,1,1,1
haze,146,0,1,0,0,0.453012377,0.999899983,0.000198109,0.005141911,0,1,0,0,1,1,1
haze,151,0,1,0,0,0.247338802,0.999798238,0.00050804,0.008398828,0,1,0,0,1,1,1
haze,156,0,1,0,0,0.260939121,0.999787629,0.000429365,0.008280575,0,1,0,0,1,1,1
haze,157,0,1,0,0,0.207278401,0.999622226,0.001124748,0.012600792,0,1,0,0,1,1,1
haze,173,0,1,0,0,0.078107767,0.999004781,0.003488922,0.029083041,0,1,0,0,1,1,1
haze,181,0,1,0,0,0.23296383,0.999269664,0.001732847,0.032429367,0,1,0,0,1,1,1
haze,191,0,1,0,0,0.215476766,0.999769747,0.000271132,0.005536233,0,1,0,0,1,1,1
haze,205,0,1,0,0,0.207632557,0.999563515,0.000912929,0.018800147,0,1,0,0,1,1,1
haze,208,0,1,0,0,0.311493844,0.999849558,0.000240964,0.005958427,0,1,0,0,1,1,1
haze,213,0,1,0,0,0.17168811,0.999565661,0.001219472,0.012325199,0,1,0,0,1,1,1
haze,218,0,1,0,0,0.245515391,0.999296427,0.001391184,0.015317008,0,1,0,0,1,1,1
haze,221,0,1,0,0,0.409979433,0.999913216,0.000450459,0.003620342,0,1,0,0,1,1,1
haze,222,0,1,0,0,0.301802576,0.999647141,0.000295295,0.007593099,0,1,0,0,1,1,1
haze,226,0,1,0,0,0.162306756,0.999544561,0.000334929,0.014265134,0,1,0,0,1,1,1
haze,231,0,1,0,0,0.08638604,0.999774992,0.000406289,0.008472286,0,1,0,0,1,1,1
haze,321,0,1,0,0,0.385539591,0.999750197,0.000277016,0.00573233,0,1,0,0,1,1,1
haze,337,0,1,0,0,0.288842976,0.999827743,0.000456112,0.005658653,0,1,0,0,1,1,1
haze,339,0,1,0,0,0.311806381,0.999719918,0.000355954,0.011970254,0,1,0,0,1,1,1
haze,343,0,1,0,0,0.192943364,0.999075174,0.000903191,0.020277835,0,1,0,0,1,1,1
haze,344,0,1,0,0,0.213805333,0.998633683,0.005734595,0.00881046,0,1,0,0,1,1,1
haze,347,0,1,0,0,0.458642304,0.999763668,0.000134167,0.002925076,0,1,0,0,1,1,1
haze,357,0,1,0,0,0.267899394,0.999761522,0.000456,0.00644184,0,1,0,0,1,1,1
haze,359,0,1,0,0,0.064524189,0.999374092,0.002591368,0.045967545,0,1,0,0,1,1,1
haze,360,0,1,0,0,0.35255307,0.999907732,0.00013139,0.003843594,0,1,0,0,1,1,1
haze,364,0,1,0,0,0.309486985,0.999341667,0.000683501,0.013175,0,1,0,0,1,1,1
haze,366,0,1,0,0,0.359275967,0.999788225,0.000271416,0.01333655,0,1,0,0,1,1,1
haze,370,0,1,0,0,0.221195653,0.999560058,0.001270287,0.032073405,0,1,0,0,1,1,1
haze,371,0,1,0,0,0.237162039,0.998920679,0.002713147,0.019734319,0,1,0,0,1,1,1
haze,372,0,1,0,0,0.261412621,0.999850154,0.000346068,0.009075937,0,1,0,0,1,1,1
haze,374,0,1,0,0,0.275746286,0.998195708,0.035470258,0.015138987,0,1,0,0,1,1,1
haze,376,0,1,0,0,0.154309005,0.998919368,0.004698894,0.039056845,0,1,0,0,1,1,1
haze,400,0,1,0,0,0.18511726,0.999785244,0.000267582,0.007975411,0,1,0,0,1,1,1
haze,421,0,1,0,0,0.148071125,0.999239564,0.002142431,0.040931787,0,1,0,0,1,1,1
haze,422,0,1,0,0,0.195884526,0.999359906,0.001234505,0.025159568,0,1,0,0,1,1,1
haze,431,0,1,0,0,0.420462549,0.999923825,0.000414386,0.004678209,0,1,0,0,1,1,1
haze,432,0,1,0,0,0.189494282,0.999699354,0.000789308,0.010969365,0,1,0,0,1,1,1
haze,448,0,1,0,0,0.392404258,0.999260366,0.000292728,0.011506142,0,1,0,0,1,1,1
haze,468,0,1,0,0,0.273214489,0.99922514,0.000709903,0.015202885,0,1,0,0,1,1,1
haze,469,0,1,0,0,0.341817528,0.9997105,0.000684432,0.013426038,0,1,0,0,1,1,1
haze,471,0,1,0,0,0.216057554,0.998835027,0.001191469,0.027789015,0,1,0,0,1,1,1
haze,473,0,1,0,0,0.320942014,0.998130143,0.002836662,0.00637306,0,1,0,0,1,1,1
haze,475,0,1,0,0,0.146761775,0.999758899,0.000605807,0.012962421,0,1,0,0,1,1,1
haze,480,0,1,0,0,0.244341522,0.998771846,0.001803977,0.034841675,0,1,0,0,1,1,1
haze,484,0,1,0,0,0.210218057,0.999049723,0.00132128,0.013483534,0,1,0,0,1,1,1
haze,492,0,1,0,0,0.523120105,0.999889016,0.000115731,0.003293551,1,1,0,0,0,1,2
haze,493,0,1,0,0,0.24453035,0.999324203,0.000786655,0.011656317,0,1,0,0,1,1,1
haze,498,0,1,0,0,0.111075416,0.999771655,0.000605052,0.01248305,0,1,0,0,1,1,1
haze,503,0,1,0,0,0.183786735,0.99971658,0.000229312,0.008545155,0,1,0,0,1,1,1
haze,509,0,1,0,0,0.344635665,0.999855995,0.000399183,0.010175399,0,1,0,0,1,1,1
haze,556,0,1,0,0,0.22413595,0.99968338,0.000727381,0.023289662,0,1,0,0,1,1,1
haze,582,0,1,0,0,0.227054432,0.999706447,0.00097686,0.012504987,0,1,0,0,1,1,1
haze,605,0,1,0,0,0.303825617,0.999786198,0.000325869,0.006989496,0,1,0,0,1,1,1
haze,614,0,1,0,0,0.135017917,0.999595225,0.000541976,0.018334692,0,1,0,0,1,1,1
haze,617,0,1,0,0,0.299056351,0.999791443,0.000329613,0.004988791,0,1,0,0,1,1,1
haze,645,0,1,0,0,0.271157593,0.999255478,0.000684054,0.019388527,0,1,0,0,1,1,1
haze,648,0,1,0,0,0.041733436,0.998399198,0.005240604,0.047945052,0,1,0,0,1,1,1
haze,652,0,1,0,0,0.334669083,0.998080492,0.004008837,0.017592698,0,1,0,0,1,1,1
haze,657,0,1,0,0,0.390160978,0.999925256,0.000252883,0.004673847,0,1,0,0,1,1,1
haze,659,0,1,0,0,0.04894083,0.999625683,0.00106298,0.011140127,0,1,0,0,1,1,1
haze,668,0,1,0,0,0.181991339,0.999593794,0.000802734,0.012676881,0,1,0,0,1,1,1
haze,673,0,1,0,0,0.01352345,0.999766767,0.001508019,0.018904846,0,1,0,0,1,1,1
haze,693,0,1,0,0,0.204767764,0.999852777,0.000179465,0.007029693,0,1,0,0,1,1,1
haze,710,0,1,0,0,0.298181772,0.999583185,0.000745598,0.01250218,0,1,0,0,1,1,1
haze,714,0,1,0,0,0.188054264,0.999921203,0.000276264,0.005528903,0,1,0,0,1,1,1
haze,730,0,1,0,0,0.061798338,0.999594629,0.002446184,0.114989258,0,1,0,0,1,1,1
haze,747,0,1,0,0,0.324837357,0.99980253,0.000235331,0.00689662,0,1,0,0,1,1,1
haze,850,0,1,0,0,0.1811039,0.99943918,0.001486144,0.029141776,0,1,0,0,1,1,1
haze,864,0,1,0,0,0.377057374,0.999762475,0.000365477,0.005438898,0,1,0,0,1,1,1
haze,866,0,1,0,0,0.294177562,0.999516129,0.000740722,0.010548479,0,1,0,0,1,1,1
haze,876,0,1,0,0,0.190058172,0.999646664,0.000638534,0.009581869,0,1,0,0,1,1,1
haze,890,0,1,0,0,0.229677022,0.999201357,0.001204162,0.014367715,0,1,0,0,1,1,1
haze,893,0,1,0,0,0.098489486,0.999410033,0.002100538,0.018313885,0,1,0,0,1,1,1
haze,906,0,1,0,0,0.206271946,0.999511242,0.000875433,0.011079206,0,1,0,0,1,1,1
haze,915,0,1,0,0,0.290939867,0.999210835,0.000849546,0.020371389,0,1,0,0,1,1,1
haze,917,0,1,0,0,0.273592949,0.999720514,0.000489389,0.005540711,0,1,0,0,1,1,1
haze,919,0,1,0,0,0.209970444,0.999494195,0.001123615,0.022009091,0,1,0,0,1,1,1
haze,922,0,1,0,0,0.030360503,0.999614596,0.001827564,0.008266441,0,1,0,0,1,1,1
haze,923,0,1,0,0,0.39805606,0.999864697,0.000225867,0.003558195,0,1,0,0,1,1,1
haze,943,0,1,0,0,0.271053404,0.999540687,0.00033403,0.006615581,0,1,0,0,1,1,1
haze,964,0,1,0,0,0.106546395,0.99900049,0.001680239,0.03602415,0,1,0,0,1,1,1
haze,974,0,1,0,0,0.03907172,0.999729574,0.001951215,0.006280438,0,1,0,0,1,1,1
haze,977,0,1,0,0,0.115614332,0.999695897,0.002128407,0.011281047,0,1,0,0,1,1,1
haze,986,0,1,0,0,0.281128854,0.999722302,0.000500603,0.007970263,0,1,0,0,1,1,1
haze,994,0,1,0,0,0.031095445,0.999742448,0.00061595,0.017879343,0,1,0,0,1,1,1
haze,1039,0,1,0,0,0.173646703,0.999757707,0.000412442,0.011718378,0,1,0,0,1,1,1
haze,1105,0,1,0,0,0.173061639,0.99940145,0.002814434,0.011463062,0,1,0,0,1,1,1
haze,1148,0,1,0,0,0.058275487,0.99575597,0.000607499,0.042773046,0,1,0,0,1,1,1
haze,1218,0,1,0,0,0.142941251,0.998437226,0.001963788,0.031016557,0,1,0,0,1,1,1
haze,1244,0,1,0,0,0.168085262,0.99982518,0.000702792,0.018651282,0,1,0,0,1,1,1
haze,1402,0,1,0,0,0.432858706,0.999513268,0.003172185,0.01865535,0,1,0,0,1,1,1
haze,1792,0,1,0,0,0.184944183,0.999605358,0.001105086,0.01541572,0,1,0,0,1,1,1
haze,1970,0,1,0,0,0.28478843,0.999808371,0.004828638,0.006463763,0,1,0,0,1,1,1
haze,2155,0,1,0,0,0.539052784,0.999724925,0.000417142,0.005584682,1,1,0,0,0,1,2
haze,2172,0,1,0,0,0.243790984,0.999706209,0.001437735,0.022900827,0,1,0,0,1,1,1
haze,2322,0,1,0,0,0.200759709,0.999776542,0.000994387,0.01050273,0,1,0,0,1,1,1
haze,2331,0,1,0,0,0.138022199,0.999620199,0.000536947,0.009118258,0,1,0,0,1,1,1
haze,2335,0,1,0,0,0.311092347,0.999680519,0.000257866,0.005685686,0,1,0,0,1,1,1
haze,2421,0,1,0,0,0.220989794,0.99984324,0.000412723,0.010410377,0,1,0,0,1,1,1
haze,2430,0,1,0,0,0.208900452,0.999410033,0.000857823,0.015358793,0,1,0,0,1,1,1
haze,2441,0,1,0,0,0.140615717,0.998241901,0.002753969,0.049698155,0,1,0,0,1,1,1
haze,2459,0,1,0,0,0.330168217,0.999902129,0.000186043,0.004526076,0,1,0,0,1,1,1
haze,2467,0,1,0,0,0.225924373,0.999680042,0.000480438,0.008807885,0,1,0,0,1,1,1
haze,2521,0,1,0,0,0.135215253,0.99969852,0.000312288,0.006995954,0,1,0,0,1,1,1
haze,2542,0,1,0,0,0.290569067,0.999094486,0.001160449,0.024187732,0,1,0,0,1,1,1
haze,2559,0,1,0,0,0.143023416,0.999375761,0.001017254,0.020158798,0,1,0,0,1,1,1
haze,2564,0,1,0,0,0.085321203,0.999552071,0.001002379,0.011579284,0,1,0,0,1,1,1
haze,2566,0,1,0,0,0.20600076,0.99953723,0.001823589,0.034834143,0,1,0,0,1,1,1
haze,2569,0,1,0,0,0.111178495,0.99905473,0.001589451,0.027788324,0,1,0,0,1,1,1
haze,2602,0,1,0,0,0.242880657,0.999715388,0.000772304,0.007059235,0,1,0,0,1,1,1
haze,2782,0,1,0,0,0.314670771,0.994013846,0.000460928,0.057423759,0,1,0,0,1,1,1
haze,2958,0,1,0,0,0.168842897,0.999221444,0.003125535,0.016069992,0,1,0,0,1,1,1
haze,3028,0,1,0,0,0.118745126,0.999221802,0.001151219,0.024262683,0,1,0,0,1,1,1
haze,3089,0,1,0,0,0.183992639,0.999384403,0.000869069,0.009702038,0,1,0,0,1,1,1
haze,3143,0,1,0,0,0.318451554,0.999885201,0.000191294,0.006303045,0,1,0,0,1,1,1
haze,3248,0,1,0,0,0.365746498,0.999641538,0.000891423,0.015013937,0,1,0,0,1,1,1
haze,3266,0,1,0,0,0.241999,0.999687076,0.000490348,0.014157537,0,1,0,0,1,1,1
haze,3278,0,1,0,0,0.317761809,0.999623299,0.000667614,0.012203016,0,1,0,0,1,1,1
haze,3516,0,1,0,0,0.223187655,0.991410732,0.008173061,0.070060767,0,1,0,0,1,1,1
haze,3826,0,1,0,0,0.266245812,0.999723732,0.000336054,0.006903874,0,1,0,0,1,1,1
haze,4073,0,1,0,0,0.173947155,0.999645829,0.000610173,0.009973975,0,1,0,0,1,1,1
haze,4105,0,1,0,0,0.251113236,0.999327183,0.000403048,0.015309186,0,1,0,0,1,1,1
haze,4138,0,1,0,0,0.126743734,0.999904633,0.00033157,0.005411818,0,1,0,0,1,1,1
haze,4181,0,1,0,0,0.205371708,0.99979347,0.002034977,0.016714348,0,1,0,0,1,1,1
haze,4435,0,1,0,0,0.237780184,0.999816835,0.000581608,0.012012794,0,1,0,0,1,1,1
haze,4519,0,1,0,0,0.099995784,0.999865174,0.000265681,0.006955577,0,1,0,0,1,1,1
haze,4534,0,1,0,0,0.403024793,0.999621272,0.000350344,0.006185619,0,1,0,0,1,1,1
haze,4566,0,1,0,0,0.180377841,0.99988389,0.000421426,0.01274801,0,1,0,0,1,1,1
haze,4622,0,1,0,0,0.323189944,0.999456584,0.000420356,0.013895836,0,1,0,0,1,1,1
haze,4647,0,1,0,0,0.340748072,0.999587357,0.000516314,0.010627904,0,1,0,0,1,1,1
haze,6941,0,1,0,0,0.089062244,0.999455869,0.000634023,0.016036069,0,1,0,0,1,1,1
haze,6942,0,1,0,0,0.136517152,0.988745511,0.010788821,0.071124136,0,1,0,0,1,1,1
haze,6945,0,1,0,0,0.292017043,0.999559343,0.000597978,0.008388917,0,1,0,0,1,1,1
haze,6946,0,1,0,0,0.211321607,0.983776152,0.006289876,0.06188108,0,1,0,0,1,1,1
haze,6951,0,1,0,0,0.172113001,0.997577369,0.003690256,0.091875941,0,1,0,0,1,1,1
haze,6955,0,1,0,0,0.171366543,0.9998312,0.000278072,0.005196549,0,1,0,0,1,1,1
haze,6963,0,1,0,0,0.277105689,0.998616457,0.003539214,0.024725836,0,1,0,0,1,1,1
haze,6968,0,1,0,0,0.143883884,0.998246431,0.002190772,0.050342303,0,1,0,0,1,1,1
haze,6975,0,1,0,0,0.071247488,0.999628425,0.001354815,0.023274953,0,1,0,0,1,1,1
haze,6978,0,1,0,0,0.313842535,0.999569595,0.000558497,0.017973043,0,1,0,0,1,1,1
haze,6986,0,1,0,0,0.278011024,0.999242783,0.001119158,0.016785773,0,1,0,0,1,1,1
haze,6988,0,1,0,0,0.232656792,0.998720407,0.003330226,0.033693571,0,1,0,0,1,1,1
haze,7067,0,1,0,0,0.265042484,0.999398708,0.005141786,0.010835822,0,1,0,0,1,1,1
haze,7072,0,1,0,0,0.365726978,0.999246597,0.000532656,0.012001645,0,1,0,0,1,1,1
haze,7074,0,1,0,0,0.235554174,0.999701917,0.000377838,0.008004671,0,1,0,0,1,1,1
haze,7077,0,1,0,0,0.30181855,0.999923706,0.000186734,0.004498926,0,1,0,0,1,1,1
haze,7078,0,1,0,0,0.124254704,0.998883069,0.002504606,0.03334729,0,1,0,0,1,1,1
haze,7080,0,1,0,0,0.109380722,0.999320745,0.001157271,0.036528714,0,1,0,0,1,1,1
haze,7083,0,1,0,0,0.236933097,0.999607384,0.000423137,0.008413566,0,1,0,0,1,1,1
haze,7086,0,1,0,0,0.44327262,0.99985671,0.000185476,0.004084728,0,1,0,0,1,1,1
haze,7087,0,1,0,0,0.318094313,0.999784291,0.000350285,0.011550536,0,1,0,0,1,1,1
haze,7090,0,1,0,0,0.329326361,0.999739945,0.000327808,0.005351933,0,1,0,0,1,1,1
haze,7096,0,1,0,0,0.183854133,0.999447167,0.001952273,0.018258885,0,1,0,0,1,1,1
haze,7186,0,1,0,0,0.275768906,0.997557402,0.007492664,0.015198773,0,1,0,0,1,1,1
haze,7189,0,1,0,0,0.307180554,0.99968183,0.000263286,0.009643544,0,1,0,0,1,1,1
haze,7207,0,1,0,0,0.091776498,0.999798119,0.000363544,0.008734342,0,1,0,0,1,1,1
haze,7214,0,1,0,0,0.237870991,0.999650955,0.000292888,0.006034438,0,1,0,0,1,1,1
haze,7227,0,1,0,0,0.292087287,0.996401429,0.001056208,0.037603278,0,1,0,0,1,1,1
haze,7229,0,1,0,0,0.220776454,0.999729455,0.000360056,0.006295946,0,1,0,0,1,1,1
haze,7234,0,1,0,0,0.181458056,0.999536514,0.001843042,0.012498501,0,1,0,0,1,1,1
haze,7235,0,1,0,0,0.389668614,0.99985826,0.000222089,0.007354712,0,1,0,0,1,1,1
haze,7236,0,1,0,0,0.315032244,0.999481857,0.000320027,0.007028093,0,1,0,0,1,1,1
haze,7246,0,1,0,0,0.077718355,0.999385953,0.002885067,0.018152274,0,1,0,0,1,1,1
haze,7251,0,1,0,0,0.259135157,0.999735773,0.001066398,0.011123781,0,1,0,0,1,1,1
rain,2,0,0,1,0,0.344887108,0.00693742,0.999117434,0.000573648,0,0,1,0,1,1,1
rain,8,0,0,1,0,0.192520857,0.001192674,0.999519825,0.000370198,0,0,1,0,1,1,1
rain,10,0,0,1,0,0.150044456,0.000394963,0.999545276,0.000348905,0,0,1,0,1,1,1
rain,13,0,0,1,0,0.229449511,0.000570864,0.999412656,0.000456509,0,0,1,0,1,1,1
rain,18,0,0,1,0,0.125799656,1.29E-05,0.619060397,0.203988582,0,0,1,0,1,1,1
rain,21,0,0,1,0,0.114053108,0.006613146,0.999678373,0.00016933,0,0,1,0,1,1,1
rain,24,0,0,1,0,0.089816391,0.007281898,0.999522328,0.000257197,0,0,1,0,1,1,1
rain,28,0,0,1,0,0.160287932,0.003886507,0.956929862,0.032056794,0,0,1,0,1,1,1
rain,32,0,0,1,0,0.252646774,0.003430034,0.993798673,0.003700368,0,0,1,0,1,1,1
rain,44,0,0,1,0,0.234580189,0.000554217,0.99902606,0.000622765,0,0,1,0,1,1,1
rain,54,0,0,1,0,0.053027552,0.003067885,0.999717295,0.00015104,0,0,1,0,1,1,1
rain,55,0,0,1,0,0.26230529,0.003302376,0.99843806,0.00087257,0,0,1,0,1,1,1
rain,58,0,0,1,0,0.223812312,0.00128058,0.999081135,0.000673487,0,0,1,0,1,1,1
rain,60,0,0,1,0,0.136420116,0.009178525,0.999704659,0.000170412,0,0,1,0,1,1,1
rain,62,0,0,1,0,0.226601154,0.003539129,0.998728573,0.000789125,0,0,1,0,1,1,1
rain,67,0,0,1,0,0.100705929,0.004400142,0.999767244,0.00012881,0,0,1,0,1,1,1
rain,71,0,0,1,0,0.139638767,0.002784826,0.99905771,0.000695737,0,0,1,0,1,1,1
rain,72,0,0,1,0,0.209936932,0.029716013,0.999590218,0.000212635,0,0,1,0,1,1,1
rain,74,0,0,1,0,0.232515946,0.000751174,0.999767125,0.000148812,0,0,1,0,1,1,1
rain,75,0,0,1,0,0.393814564,0.003149809,0.99969542,0.00019101,0,0,1,0,1,1,1
rain,81,0,0,1,0,0.105752647,0.149062097,0.994915605,0.001441445,0,0,1,0,1,1,1
rain,88,0,0,1,0,0.081626512,0.007982933,0.999519467,0.000230248,0,0,1,0,1,1,1
rain,93,0,0,1,0,0.227420032,0.005427705,0.999804676,0.000105527,0,0,1,0,1,1,1
rain,95,0,0,1,0,0.149175569,0.016678493,0.998552144,0.000861886,0,0,1,0,1,1,1
rain,96,0,0,1,0,0.34021458,0.003201342,0.999263227,0.000287081,0,0,1,0,1,1,1
rain,102,0,0,1,0,0.178714693,0.167964578,0.996922314,0.001652185,0,0,1,0,1,1,1
rain,111,0,0,1,0,0.176566482,0.000361856,0.967382073,0.021748029,0,0,1,0,1,1,1
rain,115,0,0,1,0,0.074345529,0.000648315,0.999298811,0.000508846,0,0,1,0,1,1,1
rain,121,0,0,1,0,0.135817513,0.010798397,0.999746978,0.000141302,0,0,1,0,1,1,1
rain,124,0,0,1,0,0.244941458,0.004221962,0.999695659,0.000199882,0,0,1,0,1,1,1
rain,125,0,0,1,0,0.265983701,0.000789308,0.999589384,0.000286064,0,0,1,0,1,1,1
rain,128,0,0,1,0,0.189674467,0.010074158,0.999431074,0.000321016,0,0,1,0,1,1,1
rain,131,0,0,1,0,0.187005877,0.001360235,0.999427199,0.000432241,0,0,1,0,1,1,1
rain,135,0,0,1,0,0.1302654,0.000716773,0.999810636,0.000126842,0,0,1,0,1,1,1
rain,140,0,0,1,0,0.128593892,0.007840743,0.999684811,0.000173962,0,0,1,0,1,1,1
rain,143,0,0,1,0,0.159008592,0.01226972,0.999805033,9.94E-05,0,0,1,0,1,1,1
rain,145,0,0,1,0,0.134921297,0.065111525,0.994763613,0.002682728,0,0,1,0,1,1,1
rain,146,0,0,1,0,0.307196707,0.003010588,0.998384118,0.000870796,0,0,1,0,1,1,1
rain,151,0,0,1,0,0.231135264,0.01061076,0.998577952,0.000882121,0,0,1,0,1,1,1
rain,156,0,0,1,0,0.197189122,0.014257211,0.999530435,0.000255354,0,0,1,0,1,1,1
rain,157,0,0,1,0,0.151498765,0.009642751,0.996083975,0.002147618,0,0,1,0,1,1,1
rain,173,0,0,1,0,0.068742447,0.012389502,0.992802441,0.003079548,0,0,1,0,1,1,1
rain,181,0,0,1,0,0.155135244,0.021915678,0.999167681,0.000463979,0,0,1,0,1,1,1
rain,191,0,0,1,0,0.195982441,0.021541987,0.999590695,0.000191179,0,0,1,0,1,1,1
rain,205,0,0,1,0,0.197635368,0.00622589,0.98590982,0.006161612,0,0,1,0,1,1,1
rain,208,0,0,1,0,0.271963447,0.005205015,0.999415874,0.000378581,0,0,1,0,1,1,1
rain,213,0,0,1,0,0.162137702,0.01926416,0.998030603,0.000973169,0,0,1,0,1,1,1
rain,218,0,0,1,0,0.14736262,0.002752927,0.999342024,0.000479995,0,0,1,0,1,1,1
rain,221,0,0,1,0,0.291561604,0.030711504,0.999702156,0.000122686,0,0,1,0,1,1,1
rain,222,0,0,1,0,0.104913101,0.014459236,0.998175383,0.000914962,0,0,1,0,1,1,1
rain,226,0,0,1,0,0.079934403,0.008467682,0.999645472,0.000168279,0,0,1,0,1,1,1
rain,231,0,0,1,0,0.085444286,0.021783443,0.995601416,0.002047846,0,0,1,0,1,1,1
rain,321,0,0,1,0,0.199038059,0.002572058,0.999823868,0.000120971,0,0,1,0,1,1,1
rain,337,0,0,1,0,0.231194109,0.003587523,0.999751866,0.000154936,0,0,1,0,1,1,1
rain,339,0,0,1,0,0.264243722,0.001297044,0.999645114,0.000232273,0,0,1,0,1,1,1
rain,343,0,0,1,0,0.198176265,0.000508464,0.999769747,0.000166509,0,0,1,0,1,1,1
rain,344,0,0,1,0,0.238173455,0.001418176,0.935998321,0.018873911,0,0,1,0,1,1,1
rain,347,0,0,1,0,0.178370357,0.004491642,0.999858141,8.13E-05,0,0,1,0,1,1,1
rain,357,0,0,1,0,0.095602408,0.009040813,0.99963057,0.000188055,0,0,1,0,1,1,1
rain,359,0,0,1,0,0.021105716,0.025525719,0.945693016,0.026541078,0,0,1,0,1,1,1
rain,360,0,0,1,0,0.208239734,0.009902574,0.999501705,0.000267062,0,0,1,0,1,1,1
rain,364,0,0,1,0,0.196756765,0.155640617,0.998337388,0.000569842,0,0,1,0,1,1,1
rain,366,0,0,1,0,0.448414385,0.000479214,0.999814808,0.000155047,0,0,1,0,1,1,1
rain,370,0,0,1,0,0.210658863,0.000797497,0.997542024,0.001939015,0,0,1,0,1,1,1
rain,371,0,0,1,0,0.098491296,0.002239344,0.99927634,0.000484061,0,0,1,0,1,1,1
rain,372,0,0,1,0,0.140914693,0.035289146,0.999466002,0.000258672,0,0,1,0,1,1,1
rain,374,0,0,1,0,0.255303353,0.019353298,0.999522209,0.000195367,0,0,1,0,1,1,1
rain,376,0,0,1,0,0.121305905,0.006488051,0.998828351,0.000700301,0,0,1,0,1,1,1
rain,400,0,0,1,0,0.253113806,0.247440174,0.999178827,0.000251548,0,0,1,0,1,1,1
rain,421,0,0,1,0,0.128944784,0.001008375,0.956645072,0.022192501,0,0,1,0,1,1,1
rain,422,0,0,1,0,0.140966043,0.005744007,0.999214649,0.000545076,0,0,1,0,1,1,1
rain,431,0,0,1,0,0.212161765,0.024315162,0.999446929,0.000274212,0,0,1,0,1,1,1
rain,432,0,0,1,0,0.119030297,0.002711214,0.999450505,0.00032823,0,0,1,0,1,1,1
rain,448,0,0,1,0,0.227349028,0.013161641,0.999295592,0.000300613,0,0,1,0,1,1,1
rain,468,0,0,1,0,0.193929508,0.001467905,0.999071479,0.000629323,0,0,1,0,1,1,1
rain,469,0,0,1,0,0.299923927,0.006506809,0.999607265,0.00025562,0,0,1,0,1,1,1
rain,471,0,0,1,0,0.156198382,0.00725312,0.988613009,0.004915539,0,0,1,0,1,1,1
rain,473,0,0,1,0,0.027684975,0.000136868,0.999752581,0.000141286,0,0,1,0,1,1,1
rain,475,0,0,1,0,0.156066492,0.00297406,0.999076009,0.000608734,0,0,1,0,1,1,1
rain,480,0,0,1,0,0.067855105,0.005850901,0.999388933,0.000357079,0,0,1,0,1,1,1
rain,484,0,0,1,0,0.138869375,0.002418958,0.999482214,0.000376371,0,0,1,0,1,1,1
rain,492,0,0,1,0,0.184914485,0.002112156,0.999726951,0.000137155,0,0,1,0,1,1,1
rain,493,0,0,1,0,0.064620584,0.003481202,0.999658823,0.000187978,0,0,1,0,1,1,1
rain,498,0,0,1,0,0.094668359,0.003574967,0.99405849,0.003259902,0,0,1,0,1,1,1
rain,503,0,0,1,0,0.318273902,0.641804874,0.999132693,0.000208889,0,1,1,0,0,1,2
rain,509,0,0,1,0,0.190028071,0.000664176,0.999252498,0.000526457,0,0,1,0,1,1,1
rain,556,0,0,1,0,0.211176515,0.002461836,0.999629378,0.00027898,0,0,1,0,1,1,1
rain,582,0,0,1,0,0.148916036,0.003954686,0.999449432,0.000331948,0,0,1,0,1,1,1
rain,605,0,0,1,0,0.2576527,0.0033548,0.999376118,0.000303677,0,0,1,0,1,1,1
rain,614,0,0,1,0,0.087244742,0.003335513,0.97915113,0.008913776,0,0,1,0,1,1,1
rain,617,0,0,1,0,0.25979346,0.00075815,0.99980396,0.000146439,0,0,1,0,1,1,1
rain,645,0,0,1,0,0.105076768,0.004947427,0.999662399,0.000190305,0,0,1,0,1,1,1
rain,648,0,0,1,0,0.032773692,0.000247176,0.997025907,0.001739609,0,0,1,0,1,1,1
rain,652,0,0,1,0,0.148484498,0.005237339,0.999692678,0.000173025,0,0,1,0,1,1,1
rain,657,0,0,1,0,0.171075583,0.003617288,0.99849093,0.001135116,0,0,1,0,1,1,1
rain,659,0,0,1,0,0.044927336,0.003002541,0.999138117,0.00050279,0,0,1,0,1,1,1
rain,668,0,0,1,0,0.119577959,0.036562454,0.998635828,0.000678732,0,0,1,0,1,1,1
rain,673,0,0,1,0,0.153871492,0.001641271,0.999637127,0.000198413,0,0,1,0,1,1,1
rain,693,0,0,1,0,0.264920861,0.778967083,0.999417067,0.000125804,0,1,1,0,0,1,2
rain,710,0,0,1,0,0.261927366,0.002382927,0.997821331,0.001705931,0,0,1,0,1,1,1
rain,714,0,0,1,0,0.203310952,0.09644752,0.997776568,0.000825736,0,0,1,0,1,1,1
rain,730,0,0,1,0,0.08786308,0.058390968,0.994559348,0.003237873,0,0,1,0,1,1,1
rain,747,0,0,1,0,0.364127457,0.001197813,0.998197138,0.001235594,0,0,1,0,1,1,1
rain,850,0,0,1,0,0.118346058,0.000585254,0.999195039,0.000538949,0,0,1,0,1,1,1
rain,864,0,0,1,0,0.089855053,0.002001883,0.999550283,0.000313194,0,0,1,0,1,1,1
rain,866,0,0,1,0,0.257426113,0.009373735,0.9997136,0.000166597,0,0,1,0,1,1,1
rain,876,0,0,1,0,0.106085874,0.00985042,0.999631166,0.000199502,0,0,1,0,1,1,1
rain,890,0,0,1,0,0.219155699,0.002471692,0.999260247,0.000445226,0,0,1,0,1,1,1
rain,893,0,0,1,0,0.07554467,0.011237406,0.994643211,0.003043422,0,0,1,0,1,1,1
rain,906,0,0,1,0,0.141802177,0.002350264,0.998133004,0.001305788,0,0,1,0,1,1,1
rain,915,0,0,1,0,0.263808191,0.004970785,0.999648809,0.000226914,0,0,1,0,1,1,1
rain,917,0,0,1,0,0.103366427,0.002261226,0.999576032,0.000276108,0,0,1,0,1,1,1
rain,919,0,0,1,0,0.166367903,0.00541924,0.991568148,0.006500848,0,0,1,0,1,1,1
rain,922,0,0,1,0,0.048702855,0.000716101,0.99908638,0.000638685,0,0,1,0,1,1,1
rain,923,0,0,1,0,0.141077086,0.008333796,0.999684811,0.000162569,0,0,1,0,1,1,1
rain,943,0,0,1,0,0.106615424,0.001985749,0.999315381,0.000383323,0,0,1,0,1,1,1
rain,964,0,0,1,0,0.068749808,0.000320879,0.993735015,0.003315258,0,0,1,0,1,1,1
rain,974,0,0,1,0,0.057489969,0.009010426,0.995863795,0.002573383,0,0,1,0,1,1,1
rain,977,0,0,1,0,0.098614715,0.005288787,0.9992342,0.000471335,0,0,1,0,1,1,1
rain,986,0,0,1,0,0.09947709,0.002295805,0.999445498,0.000345929,0,0,1,0,1,1,1
rain,994,0,0,1,0,0.03728155,0.027658535,0.99918586,0.000353755,0,0,1,0,1,1,1
rain,1039,0,0,1,0,0.213221461,0.0006156,0.996360123,0.002574388,0,0,1,0,1,1,1
rain,1105,0,0,1,0,0.183158591,0.007136499,0.998247027,0.000997466,0,0,1,0,1,1,1
rain,1148,0,0,1,0,0.014919749,0.001457459,0.99944979,0.000268096,0,0,1,0,1,1,1
rain,1218,0,0,1,0,0.092828326,0.020130204,0.999361575,0.000315338,0,0,1,0,1,1,1
rain,1244,0,0,1,0,0.154589951,0.002247081,0.997278154,0.001830423,0,0,1,0,1,1,1
rain,1402,0,0,1,0,0.290554166,0.007370422,0.999522686,0.000323647,0,0,1,0,1,1,1
rain,1792,0,0,1,0,0.104162678,0.00088443,0.99972254,0.000213735,0,0,1,0,1,1,1
rain,1970,0,0,1,0,0.171560496,0.000490114,0.997691274,0.001295478,0,0,1,0,1,1,1
rain,2155,0,0,1,0,0.248318195,0.011872202,0.999761403,0.000130333,0,0,1,0,1,1,1
rain,2172,0,0,1,0,0.179318696,0.000924595,0.997470021,0.002001334,0,0,1,0,1,1,1
rain,2322,0,0,1,0,0.079760477,0.006334559,0.999006808,0.000563277,0,0,1,0,1,1,1
rain,2331,0,0,1,0,0.098784469,0.004850908,0.999189317,0.000436776,0,0,1,0,1,1,1
rain,2335,0,0,1,0,0.220060602,0.002852037,0.999588311,0.000218553,0,0,1,0,1,1,1
rain,2421,0,0,1,0,0.160876557,0.00109472,0.99808383,0.001356519,0,0,1,0,1,1,1
rain,2430,0,0,1,0,0.175317779,0.004819104,0.997668087,0.001662908,0,0,1,0,1,1,1
rain,2441,0,0,1,0,0.094139852,0.011131068,0.998994648,0.000556826,0,0,1,0,1,1,1
rain,2459,0,0,1,0,0.278517544,0.195748255,0.998133242,0.000584048,0,0,1,0,1,1,1
rain,2467,0,0,1,0,0.10361699,0.004291968,0.999657035,0.000204434,0,0,1,0,1,1,1
rain,2521,0,0,1,0,0.069858328,0.000534699,0.999751151,0.000147395,0,0,1,0,1,1,1
rain,2542,0,0,1,0,0.310431302,0.000280557,0.999697208,0.000226752,0,0,1,0,1,1,1
rain,2559,0,0,1,0,0.057357207,0.00361533,0.999585807,0.000237659,0,0,1,0,1,1,1
rain,2564,0,0,1,0,0.048042275,0.001541655,0.998713732,0.000826844,0,0,1,0,1,1,1
rain,2566,0,0,1,0,0.152316585,0.000993469,0.992637515,0.007217089,0,0,1,0,1,1,1
rain,2569,0,0,1,0,0.068154484,0.001362016,0.996619344,0.002297167,0,0,1,0,1,1,1
rain,2602,0,0,1,0,0.201973632,0.00083058,0.999703348,0.000201185,0,0,1,0,1,1,1
rain,2782,0,0,1,0,0.38571772,0.000557081,0.999297619,0.000437349,0,0,1,0,1,1,1
rain,2958,0,0,1,0,0.115839444,0.000944585,0.998500466,0.001027206,0,0,1,0,1,1,1
rain,3028,0,0,1,0,0.097410001,0.002746938,0.997970283,0.001595873,0,0,1,0,1,1,1
rain,3089,0,0,1,0,0.096218176,0.004944818,0.999697924,0.000182395,0,0,1,0,1,1,1
rain,3143,0,0,1,0,0.243973926,0.006463453,0.999522805,0.000293859,0,0,1,0,1,1,1
rain,3248,0,0,1,0,0.290489137,0.003713474,0.998304605,0.001265545,0,0,1,0,1,1,1
rain,3266,0,0,1,0,0.200783044,0.003737692,0.966387093,0.020624716,0,0,1,0,1,1,1
rain,3278,0,0,1,0,0.183975518,0.018274443,0.999654055,0.000181113,0,0,1,0,1,1,1
rain,3516,0,0,1,0,0.112686202,0.004404602,0.994351864,0.003328577,0,0,1,0,1,1,1
rain,3826,0,0,1,0,0.480195761,0.002628358,0.999863505,9.14E-05,0,0,1,0,1,1,1
rain,4073,0,0,1,0,0.177825198,0.081270397,0.994022071,0.003020911,0,0,1,0,1,1,1
rain,4105,0,0,1,0,0.120994478,0.001580573,0.99969101,0.000144567,0,0,1,0,1,1,1
rain,4138,0,0,1,0,0.080637932,0.007333233,0.998392642,0.000845664,0,0,1,0,1,1,1
rain,4181,0,0,1,0,0.078575447,0.00063988,0.999605596,0.000262678,0,0,1,0,1,1,1
rain,4435,0,0,1,0,0.185023367,0.003390224,0.998813391,0.000889569,0,0,1,0,1,1,1
rain,4519,0,0,1,0,0.111329354,0.004305277,0.999447525,0.000325523,0,0,1,0,1,1,1
rain,4534,0,0,1,0,0.422391206,0.003301277,0.999173224,0.000274358,0,0,1,0,1,1,1
rain,4566,0,0,1,0,0.141914248,0.00025419,0.999742448,0.00022219,0,0,1,0,1,1,1
rain,4622,0,0,1,0,0.409847736,0.002252485,0.999053299,0.000626267,0,0,1,0,1,1,1
rain,4647,0,0,1,0,0.2362822,0.000361521,0.999245644,0.000567467,0,0,1,0,1,1,1
rain,6941,0,0,1,0,0.07459268,0.001656061,0.999410033,0.000367404,0,0,1,0,1,1,1
rain,6942,0,0,1,0,0.039497349,5.00E-05,0.997785687,0.001677903,0,0,1,0,1,1,1
rain,6945,0,0,1,0,0.209992766,0.002703966,0.999700189,0.000200114,0,0,1,0,1,1,1
rain,6946,0,0,1,0,0.195242554,0.053939033,0.935838997,0.019355036,0,0,1,0,1,1,1
rain,6951,0,0,1,0,0.100793086,0.001278016,0.998687923,0.000944019,0,0,1,0,1,1,1
rain,6955,0,0,1,0,0.047252774,0.006227864,0.998726308,0.000486583,0,0,1,0,1,1,1
rain,6963,0,0,1,0,0.178157344,0.001436937,0.99812144,0.001621639,0,0,1,0,1,1,1
rain,6968,0,0,1,0,0.051438008,0.010141396,0.998439252,0.000911723,0,0,1,0,1,1,1
rain,6975,0,0,1,0,0.100343779,0.012652261,0.904407084,0.045500889,0,0,1,0,1,1,1
rain,6978,0,0,1,0,0.143224776,1.20E-05,0.999370635,0.000509329,0,0,1,0,1,1,1
rain,6986,0,0,1,0,0.289570391,0.000326824,0.99885118,0.000769848,0,0,1,0,1,1,1
rain,6988,0,0,1,0,0.236355543,0.005258664,0.999533772,0.000291405,0,0,1,0,1,1,1
rain,7067,0,0,1,0,0.141904593,0.013807989,0.999671698,0.000163703,0,0,1,0,1,1,1
rain,7072,0,0,1,0,0.100142479,0.002315558,0.999213457,0.000509242,0,0,1,0,1,1,1
rain,7074,0,0,1,0,0.049612198,0.001198158,0.99887532,0.000544711,0,0,1,0,1,1,1
rain,7077,0,0,1,0,0.217445061,0.022169324,0.999720871,0.000147674,0,0,1,0,1,1,1
rain,7078,0,0,1,0,0.080737479,0.000220342,0.996000707,0.003248476,0,0,1,0,1,1,1
rain,7080,0,0,1,0,0.079049028,0.002619212,0.998186171,0.001191458,0,0,1,0,1,1,1
rain,7083,0,0,1,0,0.117379345,0.035362732,0.999568403,0.000183987,0,0,1,0,1,1,1
rain,7086,0,0,1,0,0.453531235,0.006352115,0.9995327,0.000253894,0,0,1,0,1,1,1
rain,7087,0,0,1,0,0.159120634,0.002104927,0.999726355,0.000167871,0,0,1,0,1,1,1
rain,7090,0,0,1,0,0.18276836,0.003527611,0.999628067,0.000219388,0,0,1,0,1,1,1
rain,7096,0,0,1,0,0.070851848,0.000499389,0.998259723,0.00128324,0,0,1,0,1,1,1
rain,7186,0,0,1,0,0.148104578,0.000886495,0.999521255,0.000402603,0,0,1,0,1,1,1
rain,7189,0,0,1,0,0.248942226,0.003351605,0.999652505,0.000204864,0,0,1,0,1,1,1
rain,7207,0,0,1,0,0.108956873,0.008888233,0.984691083,0.006974897,0,0,1,0,1,1,1
rain,7214,0,0,1,0,0.081203595,0.000582455,0.999117672,0.000608045,0,0,1,0,1,1,1
rain,7227,0,0,1,0,0.276214004,8.14E-05,0.999660492,0.000309789,0,0,1,0,1,1,1
rain,7229,0,0,1,0,0.202083632,0.002551779,0.999609888,0.000249826,0,0,1,0,1,1,1
rain,7234,0,0,1,0,0.124312185,0.002371684,0.999417663,0.000354971,0,0,1,0,1,1,1
rain,7235,0,0,1,0,0.266680151,0.002659183,0.99965167,0.000188743,0,0,1,0,1,1,1
rain,7236,0,0,1,0,0.143967792,0.00345872,0.999654889,0.000196636,0,0,1,0,1,1,1
rain,7246,0,0,1,0,0.085025422,0.00826175,0.985570788,0.006270096,0,0,1,0,1,1,1
rain,7251,0,0,1,0,0.225589722,0.001788597,0.99934715,0.000531252,0,0,1,0,1,1,1
snow,2,0,0,0,1,0.394739628,0.002638834,5.61E-05,0.999912977,0,0,0,1,1,1,1
snow,8,0,0,0,1,0.158942208,0.000312234,7.68E-05,0.999906898,0,0,0,1,1,1,1
snow,10,0,0,0,1,0.195238277,0.000123636,0.000155011,0.999788463,0,0,0,1,1,1,1
snow,13,0,0,0,1,0.223568723,0.00014056,4.71E-05,0.99995482,0,0,0,1,1,1,1
snow,18,0,0,0,1,0.132937744,6.06E-06,2.73E-05,0.999966502,0,0,0,1,1,1,1
snow,21,0,0,0,1,0.13866879,0.001875863,5.00E-05,0.999931931,0,0,0,1,1,1,1
snow,24,0,0,0,1,0.084400862,0.006893603,0.000131333,0.999800384,0,0,0,1,1,1,1
snow,28,0,0,0,1,0.091999456,0.001614694,0.000175515,0.999799311,0,0,0,1,1,1,1
snow,32,0,0,0,1,0.221597105,0.00061623,7.44E-05,0.999900341,0,0,0,1,1,1,1
snow,44,0,0,0,1,0.213150114,0.000617819,4.55E-05,0.999953628,0,0,0,1,1,1,1
snow,54,0,0,0,1,0.08477883,0.001724461,7.28E-05,0.999919057,0,0,0,1,1,1,1
snow,55,0,0,0,1,0.221656501,0.001112414,5.76E-05,0.999935508,0,0,0,1,1,1,1
snow,58,0,0,0,1,0.109794416,0.001840932,0.000298979,0.999681354,0,0,0,1,1,1,1
snow,60,0,0,0,1,0.236974686,0.008352508,2.94E-05,0.999957085,0,0,0,1,1,1,1
snow,62,0,0,0,1,0.209294975,0.000456236,5.49E-05,0.999914527,0,0,0,1,1,1,1
snow,67,0,0,0,1,0.165163532,0.012545221,5.25E-05,0.999922395,0,0,0,1,1,1,1
snow,71,0,0,0,1,0.088386051,0.00026248,0.000126827,0.999870539,0,0,0,1,1,1,1
snow,72,0,0,0,1,0.191245645,0.004934514,3.56E-05,0.999953985,0,0,0,1,1,1,1
snow,74,0,0,0,1,0.277274847,0.000940975,2.89E-05,0.999953389,0,0,0,1,1,1,1
snow,75,0,0,0,1,0.268940032,0.000703837,5.01E-05,0.999941468,0,0,0,1,1,1,1
snow,81,0,0,0,1,0.08657603,0.04302993,0.000204396,0.999551594,0,0,0,1,1,1,1
snow,88,0,0,0,1,0.065570377,0.003296484,0.000113048,0.999802411,0,0,0,1,1,1,1
snow,93,0,0,0,1,0.223812908,0.000424773,3.33E-05,0.999967337,0,0,0,1,1,1,1
snow,95,0,0,0,1,0.219725981,0.012114245,0.00010474,0.999825895,0,0,0,1,1,1,1
snow,96,0,0,0,1,0.310340375,0.007889356,6.64E-05,0.999880314,0,0,0,1,1,1,1
snow,102,0,0,0,1,0.198158041,0.10727863,0.000177751,0.999618292,0,0,0,1,1,1,1
snow,111,0,0,0,1,0.211645231,0.000466918,0.000297523,0.999542713,0,0,0,1,1,1,1
snow,115,0,0,0,1,0.110760711,0.000115188,0.000115696,0.999816597,0,0,0,1,1,1,1
snow,121,0,0,0,1,0.184637532,0.00167496,4.93E-05,0.999919891,0,0,0,1,1,1,1
snow,124,0,0,0,1,0.301981419,0.000910438,7.47E-05,0.999897003,0,0,0,1,1,1,1
snow,125,0,0,0,1,0.259814113,0.00028087,4.00E-05,0.999923587,0,0,0,1,1,1,1
snow,128,0,0,0,1,0.201692924,0.018916147,0.000161716,0.999735057,0,0,0,1,1,1,1
snow,131,0,0,0,1,0.146056965,0.000826321,7.49E-05,0.999920607,0,0,0,1,1,1,1
snow,135,0,0,0,1,0.111532032,5.43E-05,4.77E-05,0.999958396,0,0,0,1,1,1,1
snow,140,0,0,0,1,0.14879404,0.004339563,4.61E-05,0.999939919,0,0,0,1,1,1,1
snow,143,0,0,0,1,0.225355133,0.10437794,6.34E-05,0.99985683,0,0,0,1,1,1,1
snow,145,0,0,0,1,0.102680266,0.016573293,0.000124555,0.999786437,0,0,0,1,1,1,1
snow,146,0,0,0,1,0.266500264,0.000776814,6.56E-05,0.999923587,0,0,0,1,1,1,1
snow,151,0,0,0,1,0.211415365,0.002935672,7.48E-05,0.999916315,0,0,0,1,1,1,1
snow,156,0,0,0,1,0.180145562,0.005863195,5.14E-05,0.99993217,0,0,0,1,1,1,1
snow,157,0,0,0,1,0.110498309,0.000688398,9.00E-05,0.999909163,0,0,0,1,1,1,1
snow,173,0,0,0,1,0.075843975,0.026057871,0.000346992,0.999148726,0,0,0,1,1,1,1
snow,181,0,0,0,1,0.182133839,0.061484192,0.000178916,0.999658108,0,0,0,1,1,1,1
snow,191,0,0,0,1,0.142458782,0.004062464,9.97E-05,0.999858975,0,0,0,1,1,1,1
snow,205,0,0,0,1,0.199635297,0.017107161,0.000149392,0.999672651,0,0,0,1,1,1,1
snow,208,0,0,0,1,0.247819126,0.002267441,6.07E-05,0.999901175,0,0,0,1,1,1,1
snow,213,0,0,0,1,0.151993304,0.01903528,0.000233041,0.999562442,0,0,0,1,1,1,1
snow,218,0,0,0,1,0.09306258,0.000700707,7.49E-05,0.999924183,0,0,0,1,1,1,1
snow,221,0,0,0,1,0.315935016,0.018150089,6.25E-05,0.999886751,0,0,0,1,1,1,1
snow,222,0,0,0,1,0.135477066,0.005882727,0.000101574,0.999853969,0,0,0,1,1,1,1
snow,226,0,0,0,1,0.067061551,0.01441954,0.000125037,0.999750435,0,0,0,1,1,1,1
snow,231,0,0,0,1,0.032515552,0.003811317,0.000154635,0.999778807,0,0,0,1,1,1,1
snow,321,0,0,0,1,0.220805228,0.01006697,4.19E-05,0.999945641,0,0,0,1,1,1,1
snow,337,0,0,0,1,0.233581513,0.000141694,2.42E-05,0.999976993,0,0,0,1,1,1,1
snow,339,0,0,0,1,0.255628377,0.001914571,3.18E-05,0.999959826,0,0,0,1,1,1,1
snow,343,0,0,0,1,0.145688802,0.001569597,4.84E-05,0.999929667,0,0,0,1,1,1,1
snow,344,0,0,0,1,0.158538431,0.000471288,0.000115761,0.999868512,0,0,0,1,1,1,1
snow,347,0,0,0,1,0.349375278,0.02226156,3.07E-05,0.999951005,0,0,0,1,1,1,1
snow,357,0,0,0,1,0.07679303,0.003065952,5.23E-05,0.999931097,0,0,0,1,1,1,1
snow,359,0,0,0,1,0.015266976,0.006587418,0.000755446,0.998602688,0,0,0,1,1,1,1
snow,360,0,0,0,1,0.189704046,0.00472867,6.20E-05,0.999925256,0,0,0,1,1,1,1
snow,364,0,0,0,1,0.184296638,0.007149968,7.12E-05,0.999897122,0,0,0,1,1,1,1
snow,366,0,0,0,1,0.41133669,0.000788405,2.95E-05,0.999955893,0,0,0,1,1,1,1
snow,370,0,0,0,1,0.133226454,0.001530309,0.000203267,0.999745309,0,0,0,1,1,1,1
snow,371,0,0,0,1,0.104130641,0.002464451,6.46E-05,0.999923229,0,0,0,1,1,1,1
snow,372,0,0,0,1,0.101358846,0.023557292,4.04E-05,0.999922276,0,0,0,1,1,1,1
snow,374,0,0,0,1,0.191374794,0.00637249,9.59E-05,0.999828696,0,0,0,1,1,1,1
snow,376,0,0,0,1,0.081563093,0.010057153,0.000223189,0.99957937,0,0,0,1,1,1,1
snow,400,0,0,0,1,0.222631857,0.200326845,5.44E-05,0.99983561,0,0,0,1,1,1,1
snow,421,0,0,0,1,0.125561208,0.002120218,0.000241032,0.999561608,0,0,0,1,1,1,1
snow,422,0,0,0,1,0.116941258,0.000851504,6.95E-05,0.999923944,0,0,0,1,1,1,1
snow,431,0,0,0,1,0.274073273,0.028620861,4.97E-05,0.999902725,0,0,0,1,1,1,1
snow,432,0,0,0,1,0.144115314,0.000380112,7.01E-05,0.999926448,0,0,0,1,1,1,1
snow,448,0,0,0,1,0.213213742,0.009414154,5.32E-05,0.999932885,0,0,0,1,1,1,1
snow,468,0,0,0,1,0.208489448,0.001477528,0.000376305,0.999290824,0,0,0,1,1,1,1
snow,469,0,0,0,1,0.19908677,0.002461023,4.47E-05,0.999944091,0,0,0,1,1,1,1
snow,471,0,0,0,1,0.139931157,0.004722762,0.000594123,0.998852134,0,0,0,1,1,1,1
snow,473,0,0,0,1,0.027742995,5.43E-06,0.000119112,0.999868393,0,0,0,1,1,1,1
snow,475,0,0,0,1,0.128263414,0.008409928,0.000192126,0.999686718,0,0,0,1,1,1,1
snow,480,0,0,0,1,0.102406241,0.016017193,0.000532536,0.999039352,0,0,0,1,1,1,1
snow,484,0,0,0,1,0.108488113,0.003220466,7.76E-05,0.999897838,0,0,0,1,1,1,1
snow,492,0,0,0,1,0.229163826,0.002338168,2.88E-05,0.9999367,0,0,0,1,1,1,1
snow,493,0,0,0,1,0.072235696,0.008917969,8.23E-05,0.999865294,0,0,0,1,1,1,1
snow,498,0,0,0,1,0.095931493,0.00280563,0.000131087,0.999766886,0,0,0,1,1,1,1
snow,503,0,0,0,1,0.17732802,0.080730781,7.69E-05,0.999713957,0,0,0,1,1,1,1
snow,509,0,0,0,1,0.184789136,9.16E-05,8.20E-05,0.999920845,0,0,0,1,1,1,1
snow,556,0,0,0,1,0.197723061,0.001696218,6.31E-05,0.999921322,0,0,0,1,1,1,1
snow,582,0,0,0,1,0.129431918,0.003209028,8.32E-05,0.999881864,0,0,0,1,1,1,1
snow,605,0,0,0,1,0.209170416,0.000574082,3.53E-05,0.999935389,0,0,0,1,1,1,1
snow,614,0,0,0,1,0.087369069,0.014151136,0.000306827,0.999395251,0,0,0,1,1,1,1
snow,617,0,0,0,1,0.257651776,0.003972264,6.49E-05,0.999915719,0,0,0,1,1,1,1
snow,645,0,0,0,1,0.156945124,0.004687065,6.44E-05,0.999909878,0,0,0,1,1,1,1
snow,648,0,0,0,1,0.011600959,0.000118242,0.000166233,0.999745905,0,0,0,1,1,1,1
snow,652,0,0,0,1,0.132374704,0.000212019,4.86E-05,0.999949217,0,0,0,1,1,1,1
snow,657,0,0,0,1,0.152745426,0.003016009,0.000130945,0.999808013,0,0,0,1,1,1,1
snow,659,0,0,0,1,0.025318064,0.005684144,0.00031,0.999511123,0,0,0,1,1,1,1
snow,668,0,0,0,1,0.1157493,0.009405011,8.32E-05,0.999867797,0,0,0,1,1,1,1
snow,673,0,0,0,1,0.370287091,0.000491702,2.30E-05,0.999978662,0,0,0,1,1,1,1
snow,693,0,0,0,1,0.150425524,0.102863207,4.48E-05,0.999891996,0,0,0,1,1,1,1
snow,710,0,0,0,1,0.145230651,0.00016191,9.23E-05,0.999924183,0,0,0,1,1,1,1
snow,714,0,0,0,1,0.026319334,0.132770449,0.000381849,0.998735487,0,0,0,1,1,1,1
snow,730,0,0,0,1,0.033154458,0.17497997,0.00026383,0.999095678,0,0,0,1,1,1,1
snow,747,0,0,0,1,0.388416499,0.006637008,0.000109172,0.999793947,0,0,0,1,1,1,1
snow,850,0,0,0,1,0.096914195,9.97E-06,3.10E-05,0.999961495,0,0,0,1,1,1,1
snow,864,0,0,0,1,0.083679944,0.000225943,5.54E-05,0.999956369,0,0,0,1,1,1,1
snow,866,0,0,0,1,0.164316624,0.019306015,7.12E-05,0.999890208,0,0,0,1,1,1,1
snow,876,0,0,0,1,0.069864877,0.003250722,0.000190425,0.99974066,0,0,0,1,1,1,1
snow,890,0,0,0,1,0.165615588,0.005449668,5.96E-05,0.99990797,0,0,0,1,1,1,1
snow,893,0,0,0,1,0.076072752,0.031859931,0.000608701,0.99870944,0,0,0,1,1,1,1
snow,906,0,0,0,1,0.1076819,0.001908359,0.000178185,0.999779761,0,0,0,1,1,1,1
snow,915,0,0,0,1,0.315373808,0.002967451,3.32E-05,0.999955773,0,0,0,1,1,1,1
snow,917,0,0,0,1,0.133091539,0.006621823,0.000235504,0.999678493,0,0,0,1,1,1,1
snow,919,0,0,0,1,0.208458111,0.009230994,0.000487251,0.998836815,0,0,0,1,1,1,1
snow,922,0,0,0,1,0.016200783,0.013741086,0.000135441,0.999680996,0,0,0,1,1,1,1
snow,923,0,0,0,1,0.161317691,0.001601675,4.58E-05,0.999949455,0,0,0,1,1,1,1
snow,943,0,0,0,1,0.113773927,0.001141728,4.91E-05,0.999938726,0,0,0,1,1,1,1
snow,964,0,0,0,1,0.038044784,0.000127908,0.000169132,0.999712288,0,0,0,1,1,1,1
snow,974,0,0,0,1,0.029908385,0.001352583,0.000177823,0.999778688,0,0,0,1,1,1,1
snow,977,0,0,0,1,0.061183926,0.000922655,0.000410421,0.999542356,0,0,0,1,1,1,1
snow,986,0,0,0,1,0.05776424,0.000174256,7.94E-05,0.99992466,0,0,0,1,1,1,1
snow,994,0,0,0,1,0.006294577,0.138464838,0.00032112,0.998426795,0,0,0,1,1,1,1
snow,1039,0,0,0,1,0.190687701,0.002223032,6.43E-05,0.99990499,0,0,0,1,1,1,1
snow,1105,0,0,0,1,0.108125977,0.002099057,0.000129342,0.999800384,0,0,0,1,1,1,1
snow,1148,0,0,0,1,0.026447007,0.001726571,0.000143466,0.999740899,0,0,0,1,1,1,1
snow,1218,0,0,0,1,0.087940365,0.049435519,0.000109882,0.999760807,0,0,0,1,1,1,1
snow,1244,0,0,0,1,0.143708885,0.006347613,0.00017229,0.999661684,0,0,0,1,1,1,1
snow,1402,0,0,0,1,0.259741515,0.00357941,0.000247227,0.99969399,0,0,0,1,1,1,1
snow,1792,0,0,0,1,0.097300313,0.000672488,8.90E-05,0.999899745,0,0,0,1,1,1,1
snow,1970,0,0,0,1,0.207696185,0.000363706,0.000148272,0.999786794,0,0,0,1,1,1,1
snow,2155,0,0,0,1,0.31586194,0.031454097,5.79E-05,0.999883294,0,0,0,1,1,1,1
snow,2172,0,0,0,1,0.163244456,0.00373621,0.000566913,0.999223471,0,0,0,1,1,1,1
snow,2322,0,0,0,1,0.072891429,0.004913629,0.000161276,0.999746025,0,0,0,1,1,1,1
snow,2331,0,0,0,1,0.112429261,0.015660232,9.08E-05,0.999856353,0,0,0,1,1,1,1
snow,2335,0,0,0,1,0.205409124,0.000645222,3.50E-05,0.999953389,0,0,0,1,1,1,1
snow,2421,0,0,0,1,0.208294258,0.000183939,6.18E-05,0.999919295,0,0,0,1,1,1,1
snow,2430,0,0,0,1,0.196485251,0.013797428,0.00047379,0.999099016,0,0,0,1,1,1,1
snow,2441,0,0,0,1,0.086258687,0.003573707,9.85E-05,0.999818623,0,0,0,1,1,1,1
snow,2459,0,0,0,1,0.247831836,0.03949181,4.02E-05,0.999925971,0,0,0,1,1,1,1
snow,2467,0,0,0,1,0.087595597,0.002579463,8.29E-05,0.999898553,0,0,0,1,1,1,1
snow,2521,0,0,0,1,0.062480137,0.000317778,8.08E-05,0.999873519,0,0,0,1,1,1,1
snow,2542,0,0,0,1,0.304570794,9.46E-05,5.27E-05,0.999911785,0,0,0,1,1,1,1
snow,2559,0,0,0,1,0.069200799,0.002108143,8.96E-05,0.99985683,0,0,0,1,1,1,1
snow,2564,0,0,0,1,0.01916926,0.001316538,0.000174002,0.999776781,0,0,0,1,1,1,1
snow,2566,0,0,0,1,0.179297149,0.000875396,0.000354733,0.999548256,0,0,0,1,1,1,1
snow,2569,0,0,0,1,0.037645586,0.000418341,0.000145698,0.999831796,0,0,0,1,1,1,1
snow,2602,0,0,0,1,0.180832788,2.01E-05,4.52E-05,0.999923348,0,0,0,1,1,1,1
snow,2782,0,0,0,1,0.409366131,5.52E-05,3.88E-05,0.999872565,0,0,0,1,1,1,1
snow,2958,0,0,0,1,0.115411825,1.53E-05,5.01E-05,0.999908328,0,0,0,1,1,1,1
snow,3028,0,0,0,1,0.08481387,0.001768827,0.000246198,0.999680758,0,0,0,1,1,1,1
snow,3089,0,0,0,1,0.105685987,0.007241698,0.000138549,0.999822915,0,0,0,1,1,1,1
snow,3143,0,0,0,1,0.274189591,0.017302293,4.98E-05,0.999921918,0,0,0,1,1,1,1
snow,3248,0,0,0,1,0.331215322,0.00884035,5.76E-05,0.999907255,0,0,0,1,1,1,1
snow,3266,0,0,0,1,0.233536527,0.021684954,0.000171359,0.999448836,0,0,0,1,1,1,1
snow,3278,0,0,0,1,0.208499983,0.008880789,2.96E-05,0.999960303,0,0,0,1,1,1,1
snow,3516,0,0,0,1,0.085994892,0.0012728,0.000166342,0.999788225,0,0,0,1,1,1,1
snow,3826,0,0,0,1,0.349982083,0.016441189,3.36E-05,0.999942899,0,0,0,1,1,1,1
snow,4073,0,0,0,1,0.151176646,0.052743524,0.000311165,0.99938786,0,0,0,1,1,1,1
snow,4105,0,0,0,1,0.157058537,0.001553036,4.35E-05,0.999885082,0,0,0,1,1,1,1
snow,4138,0,0,0,1,0.05511215,0.009071358,9.65E-05,0.999830127,0,0,0,1,1,1,1
snow,4181,0,0,0,1,0.083462968,0.001198993,0.000481465,0.999402404,0,0,0,1,1,1,1
snow,4435,0,0,0,1,0.137948692,0.001199877,4.61E-05,0.999945641,0,0,0,1,1,1,1
snow,4519,0,0,0,1,0.089071222,0.006797503,0.000138717,0.999782741,0,0,0,1,1,1,1
snow,4534,0,0,0,1,0.36759159,0.001885165,3.24E-05,0.999959588,0,0,0,1,1,1,1
snow,4566,0,0,0,1,0.163812652,5.55E-05,8.59E-05,0.999805748,0,0,0,1,1,1,1
snow,4622,0,0,0,1,0.240055084,0.000653587,6.92E-05,0.999916196,0,0,0,1,1,1,1
snow,4647,0,0,0,1,0.205421165,0.000501023,6.29E-05,0.999933958,0,0,0,1,1,1,1
snow,6941,0,0,0,1,0.069578797,0.001408052,0.000241216,0.999663591,0,0,0,1,1,1,1
snow,6942,0,0,0,1,0.044542041,0.000617608,0.000167049,0.999766886,0,0,0,1,1,1,1
snow,6945,0,0,0,1,0.117308132,0.002009533,5.06E-05,0.999935865,0,0,0,1,1,1,1
snow,6946,0,0,0,1,0.148677945,0.015627475,0.000403747,0.999028206,0,0,0,1,1,1,1
snow,6951,0,0,0,1,0.130534127,0.000389063,0.000764083,0.998874724,0,0,0,1,1,1,1
snow,6955,0,0,0,1,0.096806958,0.002447821,5.98E-05,0.999889851,0,0,0,1,1,1,1
snow,6963,0,0,0,1,0.221176714,0.000448494,0.000132546,0.999854565,0,0,0,1,1,1,1
snow,6968,0,0,0,1,0.04882028,0.002093484,0.000131194,0.999804556,0,0,0,1,1,1,1
snow,6975,0,0,0,1,0.115059868,0.006477232,0.0004524,0.999125421,0,0,0,1,1,1,1
snow,6978,0,0,0,1,0.140096039,7.25E-05,4.77E-05,0.999941587,0,0,0,1,1,1,1
snow,6986,0,0,0,1,0.233825982,0.000193621,9.79E-05,0.999866724,0,0,0,1,1,1,1
snow,6988,0,0,0,1,0.214542463,0.002809552,7.93E-05,0.999897599,0,0,0,1,1,1,1
snow,7067,0,0,0,1,0.176011577,0.009219343,7.85E-05,0.999875665,0,0,0,1,1,1,1
snow,7072,0,0,0,1,0.175479561,0.004872073,7.44E-05,0.999894023,0,0,0,1,1,1,1
snow,7074,0,0,0,1,0.051370002,3.70E-05,8.73E-05,0.999915123,0,0,0,1,1,1,1
snow,7077,0,0,0,1,0.261813998,0.054852538,3.34E-05,0.999936104,0,0,0,1,1,1,1
snow,7078,0,0,0,1,0.090106949,1.39E-05,0.000207761,0.999720752,0,0,0,1,1,1,1
snow,7080,0,0,0,1,0.068385519,0.017185839,0.000206153,0.99956578,0,0,0,1,1,1,1
snow,7083,0,0,0,1,0.071309134,0.013612094,8.33E-05,0.999855518,0,0,0,1,1,1,1
snow,7086,0,0,0,1,0.414725512,0.003195843,2.86E-05,0.999953866,0,0,0,1,1,1,1
snow,7087,0,0,0,1,0.209682509,0.003223785,2.89E-05,0.99995482,0,0,0,1,1,1,1
snow,7090,0,0,0,1,0.175158933,0.003020323,7.07E-05,0.999911666,0,0,0,1,1,1,1
snow,7096,0,0,0,1,0.074766561,0.000246125,0.000299204,0.999696374,0,0,0,1,1,1,1
snow,7186,0,0,0,1,0.114582963,0.00311509,0.000149886,0.999831796,0,0,0,1,1,1,1
snow,7189,0,0,0,1,0.216679156,0.002398232,4.77E-05,0.999912024,0,0,0,1,1,1,1
snow,7207,0,0,0,1,0.063129045,0.008808007,0.000173802,0.999565303,0,0,0,1,1,1,1
snow,7214,0,0,0,1,0.14165543,0.000167643,4.10E-05,0.999961138,0,0,0,1,1,1,1
snow,7227,0,0,0,1,0.232552454,0.000115332,4.50E-05,0.999962211,0,0,0,1,1,1,1
snow,7229,0,0,0,1,0.171175033,0.007508427,5.92E-05,0.99991715,0,0,0,1,1,1,1
snow,7234,0,0,0,1,0.089207388,0.002292275,9.67E-05,0.999861956,0,0,0,1,1,1,1
snow,7235,0,0,0,1,0.244104773,0.000711036,2.49E-05,0.999967933,0,0,0,1,1,1,1
snow,7236,0,0,0,1,0.133649841,0.002668526,4.75E-05,0.99994123,0,0,0,1,1,1,1
snow,7246,0,0,0,1,0.088320628,0.016603032,0.000244192,0.999414802,0,0,0,1,1,1,1
snow,7251,0,0,0,1,0.247463271,0.001206898,6.41E-05,0.999922752,0,0,0,1,1,1,1
low_haze,2,1,1,0,0,0.999986172,0.999915957,0.001289894,0.007784159,1,1,0,0,1,2,2
low_haze,8,1,1,0,0,0.999989986,0.999978065,0.000304373,0.002037478,1,1,0,0,1,2,2
low_haze,10,1,1,0,0,0.99998951,0.999848008,0.000773898,0.004601558,1,1,0,0,1,2,2
low_haze,13,1,1,0,0,0.999988794,0.999941349,0.000280576,0.003882746,1,1,0,0,1,2,2
low_haze,18,1,1,0,0,0.999988079,0.999979258,0.001040762,0.005225809,1,1,0,0,1,2,2
low_haze,21,1,1,0,0,0.999986053,0.999779761,0.002099847,0.004779598,1,1,0,0,1,2,2
low_haze,24,1,1,0,0,0.999963641,0.982779384,0.000865025,0.011471516,1,1,0,0,1,2,2
low_haze,28,1,1,0,0,0.999985099,0.999986529,0.000325329,0.001811246,1,1,0,0,1,2,2
low_haze,32,1,1,0,0,0.999985218,0.999909878,0.000383519,0.004717894,1,1,0,0,1,2,2
low_haze,44,1,1,0,0,0.999988556,0.999977827,0.000193925,0.002128904,1,1,0,0,1,2,2
low_haze,54,1,1,0,0,0.999982834,0.999883294,0.000296252,0.005265967,1,1,0,0,1,2,2
low_haze,55,1,1,0,0,0.99998951,0.999961019,0.000220407,0.002774792,1,1,0,0,1,2,2
low_haze,58,1,1,0,0,0.999977708,0.999986649,0.000503745,0.004267666,1,1,0,0,1,2,2
low_haze,60,1,1,0,0,0.999964356,0.999969721,0.000367168,0.003960323,1,1,0,0,1,2,2
low_haze,62,1,1,0,0,0.99995327,0.999681711,0.000434766,0.007454516,1,1,0,0,1,2,2
low_haze,67,1,1,0,0,0.99997282,0.979964375,0.004288351,0.007966361,1,1,0,0,1,2,2
low_haze,71,1,1,0,0,0.999969959,0.999168992,0.004318623,0.027765177,1,1,0,0,1,2,2
low_haze,72,1,1,0,0,0.999968767,0.999983549,0.000218903,0.002765859,1,1,0,0,1,2,2
low_haze,74,1,1,0,0,0.999986172,0.999988317,0.000219233,0.003538042,1,1,0,0,1,2,2
low_haze,75,1,1,0,0,0.999985814,0.99997139,0.000425254,0.003782936,1,1,0,0,1,2,2
low_haze,81,1,1,0,0,0.999982119,0.999841332,0.000435613,0.006643618,1,1,0,0,1,2,2
low_haze,88,1,1,0,0,0.999987364,0.999910712,0.000319321,0.004161813,1,1,0,0,1,2,2
low_haze,93,1,1,0,0,0.999987721,0.999946833,0.000262712,0.009022632,1,1,0,0,1,2,2
low_haze,95,1,1,0,0,0.999987006,0.999984622,0.000262456,0.003824064,1,1,0,0,1,2,2
low_haze,96,1,1,0,0,0.999989033,0.994849265,0.000341007,0.004060176,1,1,0,0,1,2,2
low_haze,102,1,1,0,0,0.999940515,0.999751508,0.000975232,0.016234074,1,1,0,0,1,2,2
low_haze,111,1,1,0,0,0.999989748,0.99994576,0.000878256,0.005675281,1,1,0,0,1,2,2
low_haze,115,1,1,0,0,0.999981403,0.998043418,0.001173906,0.00520914,1,1,0,0,1,2,2
low_haze,121,1,1,0,0,0.99997139,0.999633312,0.000500805,0.004913895,1,1,0,0,1,2,2
low_haze,124,1,1,0,0,0.999990225,0.999939919,0.000893923,0.003965727,1,1,0,0,1,2,2
low_haze,125,1,1,0,0,0.999984145,0.999903798,0.000291919,0.002852995,1,1,0,0,1,2,2
low_haze,128,1,1,0,0,0.999983668,0.999995947,0.000247457,0.002677225,1,1,0,0,1,2,2
low_haze,131,1,1,0,0,0.999976635,0.999878526,0.000616137,0.004963642,1,1,0,0,1,2,2
low_haze,135,1,1,0,0,0.999982238,0.99968183,0.00035247,0.005552525,1,1,0,0,1,2,2
low_haze,140,1,1,0,0,0.999988556,0.999938011,0.000212195,0.002672049,1,1,0,0,1,2,2
low_haze,143,1,1,0,0,0.999982834,0.99988091,0.0004035,0.002599655,1,1,0,0,1,2,2
low_haze,145,1,1,0,0,0.999967217,0.999742329,0.001049082,0.015694484,1,1,0,0,1,2,2
low_haze,146,1,1,0,0,0.999983311,0.998673201,0.000424484,0.004797004,1,1,0,0,1,2,2
low_haze,151,1,1,0,0,0.999986053,0.999989629,0.00033327,0.004234088,1,1,0,0,1,2,2
low_haze,156,1,1,0,0,0.99998796,0.999700904,0.000280786,0.00318311,1,1,0,0,1,2,2
low_haze,157,1,1,0,0,0.999979258,0.999920845,0.000505476,0.007787518,1,1,0,0,1,2,2
low_haze,173,1,1,0,0,0.99996531,0.998834312,0.000956018,0.010234899,1,1,0,0,1,2,2
low_haze,181,1,1,0,0,0.999984026,0.999978065,0.000655036,0.007792431,1,1,0,0,1,2,2
low_haze,191,1,1,0,0,0.999988437,0.999937057,0.000203894,0.002558907,1,1,0,0,1,2,2
low_haze,205,1,1,0,0,0.999991655,0.999965072,0.00067151,0.004753088,1,1,0,0,1,2,2
low_haze,208,1,1,0,0,0.999988437,0.999796927,0.000246664,0.002488934,1,1,0,0,1,2,2
low_haze,213,1,1,0,0,0.99998641,0.999845743,0.000373266,0.004292282,1,1,0,0,1,2,2
low_haze,218,1,1,0,0,0.99997735,0.999465406,0.001070369,0.005342328,1,1,0,0,1,2,2
low_haze,221,1,1,0,0,0.999991179,0.999940276,0.000300913,0.001737591,1,1,0,0,1,2,2
low_haze,222,1,1,0,0,0.999980927,0.999231935,0.000387267,0.007386673,1,1,0,0,1,2,2
low_haze,226,1,1,0,0,0.999988794,0.999927044,0.000175078,0.003337865,1,1,0,0,1,2,2
low_haze,231,1,1,0,0,0.999988675,0.999836326,0.000215454,0.002669279,1,1,0,0,1,2,2
low_haze,321,1,1,0,0,0.999990344,0.999862552,0.000314129,0.003063179,1,1,0,0,1,2,2
low_haze,337,1,1,0,0,0.999985576,0.99990809,0.000434647,0.003949455,1,1,0,0,1,2,2
low_haze,339,1,1,0,0,0.999983072,0.999870896,0.000460503,0.004578199,1,1,0,0,1,2,2
low_haze,343,1,1,0,0,0.999988317,0.99997282,0.000408144,0.003638614,1,1,0,0,1,2,2
low_haze,344,1,1,0,0,0.99998641,0.999560654,0.001307564,0.00310143,1,1,0,0,1,2,2
low_haze,347,1,1,0,0,0.999989748,0.999961019,0.000127881,0.00161557,1,1,0,0,1,2,2
low_haze,357,1,1,0,0,0.999986053,0.999959826,0.000678404,0.004189725,1,1,0,0,1,2,2
low_haze,359,1,1,0,0,0.9999789,0.99983418,0.00095564,0.016184224,1,1,0,0,1,2,2
low_haze,360,1,1,0,0,0.99998939,0.99998498,0.000136263,0.0025257,1,1,0,0,1,2,2
low_haze,364,1,1,0,0,0.999987483,0.999866962,0.000878972,0.004691365,1,1,0,0,1,2,2
low_haze,366,1,1,0,0,0.999985933,0.999973059,0.000549653,0.004105917,1,1,0,0,1,2,2
low_haze,370,1,1,0,0,0.999986291,0.999871254,0.001225207,0.01228983,1,1,0,0,1,2,2
low_haze,371,1,1,0,0,0.378914237,0.999656796,0.000445134,0.007038736,0,1,0,0,0,2,1
low_haze,372,1,1,0,0,0.999983907,0.999949455,0.00053346,0.004909767,1,1,0,0,1,2,2
low_haze,374,1,1,0,0,0.999968886,0.997884929,0.001090392,0.011122427,1,1,0,0,1,2,2
low_haze,376,1,1,0,0,0.999990702,0.999978662,0.000551321,0.005610539,1,1,0,0,1,2,2
low_haze,400,1,1,0,0,0.99998796,0.999971747,0.000195195,0.00246069,1,1,0,0,1,2,2
low_haze,421,1,1,0,0,0.999984384,0.999815285,0.001555982,0.010562024,1,1,0,0,1,2,2
low_haze,422,1,1,0,0,0.99998641,0.999975801,0.000334551,0.003657145,1,1,0,0,1,2,2
low_haze,431,1,1,0,0,0.999987721,0.999276936,0.000651372,0.004299861,1,1,0,0,1,2,2
low_haze,432,1,1,0,0,0.999979615,0.999709785,0.001353702,0.005466236,1,1,0,0,1,2,2
low_haze,448,1,1,0,0,0.999987483,0.999838471,0.000221997,0.00346847,1,1,0,0,1,2,2
low_haze,468,1,1,0,0,0.999989033,0.999941826,0.000475067,0.003651118,1,1,0,0,1,2,2
low_haze,469,1,1,0,0,0.999990225,0.999918461,0.000751899,0.004376679,1,1,0,0,1,2,2
low_haze,471,1,1,0,0,0.999968171,0.999765813,0.001256938,0.020248564,1,1,0,0,1,2,2
low_haze,473,1,1,0,0,0.999990463,0.999996066,0.001695436,0.001709551,1,1,0,0,1,2,2
low_haze,475,1,1,0,0,0.999983668,0.999957204,0.000415118,0.004698185,1,1,0,0,1,2,2
low_haze,480,1,1,0,0,0.999969006,0.999751389,0.001525054,0.012982143,1,1,0,0,1,2,2
low_haze,484,1,1,0,0,0.999985933,0.999841332,0.000443733,0.00437323,1,1,0,0,1,2,2
low_haze,492,1,1,0,0,0.999988914,0.999964476,0.000109714,0.001797275,1,1,0,0,1,2,2
low_haze,493,1,1,0,0,0.999980211,0.999252141,0.000728774,0.004438324,1,1,0,0,1,2,2
low_haze,498,1,1,0,0,0.999989748,0.99994278,0.00027541,0.003440462,1,1,0,0,1,2,2
low_haze,503,1,1,0,0,0.999986291,0.999493957,0.000181067,0.002494875,1,1,0,0,1,2,2
low_haze,509,1,1,0,0,0.999968767,0.999780357,0.000839553,0.012510542,1,1,0,0,1,2,2
low_haze,556,1,1,0,0,0.999988556,0.999985218,0.000397986,0.00397369,1,1,0,0,1,2,2
low_haze,582,1,1,0,0,0.999988198,0.999948025,0.000273198,0.002844045,1,1,0,0,1,2,2
low_haze,605,1,1,0,0,0.999988079,0.999908328,0.000289023,0.002635347,1,1,0,0,1,2,2
low_haze,614,1,1,0,0,0.999987245,0.999875307,0.000311395,0.006611041,1,1,0,0,1,2,2
low_haze,617,1,1,0,0,0.999982595,0.999876857,0.000388744,0.002963923,1,1,0,0,1,2,2
low_haze,645,1,1,0,0,0.999986649,0.999948978,0.000518704,0.00361857,1,1,0,0,1,2,2
low_haze,648,1,1,0,0,0.99998486,0.999848008,0.000430905,0.007570177,1,1,0,0,1,2,2
low_haze,652,1,1,0,0,0.999988675,0.999814332,0.002221712,0.004749801,1,1,0,0,1,2,2
low_haze,657,1,1,0,0,0.99998796,0.999985099,0.000266864,0.004881262,1,1,0,0,1,2,2
low_haze,659,1,1,0,0,0.999988317,0.999987483,0.000268019,0.002983342,1,1,0,0,1,2,2
low_haze,668,1,1,0,0,0.999986291,0.999938607,0.000241764,0.003396196,1,1,0,0,1,2,2
low_haze,673,1,1,0,0,0.840068877,0.999971032,0.000153692,0.002256073,1,1,0,0,1,2,2
low_haze,693,1,1,0,0,0.999983072,0.99999392,0.000173984,0.002851387,1,1,0,0,1,2,2
low_haze,710,1,1,0,0,0.999986291,0.999928832,0.000379918,0.00435981,1,1,0,0,1,2,2
low_haze,714,1,1,0,0,0.561565697,0.999949217,0.000141915,0.003661448,1,1,0,0,1,2,2
low_haze,730,1,1,0,0,0.449142516,0.999699354,0.000356227,0.009379268,0,1,0,0,0,2,1
low_haze,747,1,1,0,0,0.999989152,0.999967813,0.000191511,0.002845282,1,1,0,0,1,2,2
low_haze,850,1,1,0,0,0.999971271,0.999830246,0.000820481,0.01350687,1,1,0,0,1,2,2
low_haze,864,1,1,0,0,0.99998796,0.999990702,0.000223086,0.001510498,1,1,0,0,1,2,2
low_haze,866,1,1,0,0,0.999987602,0.999977469,0.000271221,0.002066477,1,1,0,0,1,2,2
low_haze,876,1,1,0,0,0.999979615,0.999878049,0.00024625,0.004188347,1,1,0,0,1,2,2
low_haze,890,1,1,0,0,0.99998486,0.999965787,0.000769219,0.00356342,1,1,0,0,1,2,2
low_haze,893,1,1,0,0,0.99998498,0.999948621,0.000596019,0.003895808,1,1,0,0,1,2,2
low_haze,906,1,1,0,0,0.999989986,0.9999547,0.000179399,0.002533355,1,1,0,0,1,2,2
low_haze,915,1,1,0,0,0.999988437,0.999979258,0.00053286,0.004593279,1,1,0,0,1,2,2
low_haze,917,1,1,0,0,0.999985933,0.998992622,0.000413444,0.00386926,1,1,0,0,1,2,2
low_haze,919,1,1,0,0,0.999975681,0.999715745,0.001351071,0.013603773,1,1,0,0,1,2,2
low_haze,922,1,1,0,0,0.999988317,0.999822676,0.000241469,0.002298455,1,1,0,0,1,2,2
low_haze,923,1,1,0,0,0.999987245,0.999890924,0.000168856,0.002163403,1,1,0,0,1,2,2
low_haze,943,1,1,0,0,0.999981999,0.989509344,0.000469747,0.006069405,1,1,0,0,1,2,2
low_haze,964,1,1,0,0,0.999983191,0.999900103,0.000534048,0.007239653,1,1,0,0,1,2,2
low_haze,974,1,1,0,0,0.99998796,0.999453366,0.000394356,0.002990792,1,1,0,0,1,2,2
low_haze,977,1,1,0,0,0.999983549,0.999995112,0.000546974,0.003788701,1,1,0,0,1,2,2
low_haze,986,1,1,0,0,0.999983072,0.999836326,0.000427137,0.004551866,1,1,0,0,1,2,2
low_haze,994,1,1,0,0,0.633033574,0.999961972,0.000152353,0.003489574,1,1,0,0,1,2,2
low_haze,1039,1,1,0,0,0.999987125,0.999992609,0.000174718,0.002654781,1,1,0,0,1,2,2
low_haze,1105,1,1,0,0,0.999991298,0.999735057,0.001304896,0.003797781,1,1,0,0,1,2,2
low_haze,1148,1,1,0,0,0.999977112,0.999932647,0.000345003,0.004905043,1,1,0,0,1,2,2
low_haze,1218,1,1,0,0,0.999985218,0.999945045,0.000742398,0.009801085,1,1,0,0,1,2,2
low_haze,1244,1,1,0,0,0.999987483,0.999994278,0.00030391,0.004220934,1,1,0,0,1,2,2
low_haze,1402,1,1,0,0,0.99998486,0.999991655,0.000433316,0.003479204,1,1,0,0,1,2,2
low_haze,1792,1,1,0,0,0.502589107,0.999830127,0.000463672,0.009522688,1,1,0,0,1,2,2
low_haze,1970,1,1,0,0,0.999981761,0.999951482,0.001856685,0.006293506,1,1,0,0,1,2,2
low_haze,2155,1,1,0,0,0.999985218,0.999968648,0.001045056,0.004666721,1,1,0,0,1,2,2
low_haze,2172,1,1,0,0,0.999966741,0.999950409,0.000781567,0.009110278,1,1,0,0,1,2,2
low_haze,2322,1,1,0,0,0.999969482,0.999950886,0.001844198,0.005415571,1,1,0,0,1,2,2
low_haze,2331,1,1,0,0,0.999985218,0.999785841,0.000428592,0.005023947,1,1,0,0,1,2,2
low_haze,2335,1,1,0,0,0.999976873,0.998388767,0.000591227,0.005106432,1,1,0,0,1,2,2
low_haze,2421,1,1,0,0,0.999974847,0.999936461,0.000342201,0.004595495,1,1,0,0,1,2,2
low_haze,2430,1,1,0,0,0.999987364,0.999966502,0.000280768,0.003928953,1,1,0,0,1,2,2
low_haze,2441,1,1,0,0,0.999964237,0.999250948,0.00225665,0.023190573,1,1,0,0,1,2,2
low_haze,2459,1,1,0,0,0.999985576,0.999978304,0.000177246,0.001991642,1,1,0,0,1,2,2
low_haze,2467,1,1,0,0,0.99998641,0.999990582,0.000237374,0.002932231,1,1,0,0,1,2,2
low_haze,2521,1,1,0,0,0.999987006,0.999542356,0.000246087,0.004377442,1,1,0,0,1,2,2
low_haze,2542,1,1,0,0,0.99998951,0.999978542,0.000296741,0.002681122,1,1,0,0,1,2,2
low_haze,2559,1,1,0,0,0.999982595,0.995890439,0.000749324,0.008836744,1,1,0,0,1,2,2
low_haze,2564,1,1,0,0,0.999989629,0.999337614,0.000656453,0.003139114,1,1,0,0,1,2,2
low_haze,2566,1,1,0,0,0.999990582,0.99998033,0.000436159,0.003668429,1,1,0,0,1,2,2
low_haze,2569,1,1,0,0,0.999984741,0.999935508,0.000993874,0.012336838,1,1,0,0,1,2,2
low_haze,2602,1,1,0,0,0.999981523,0.999955177,0.001066127,0.005209267,1,1,0,0,1,2,2
low_haze,2782,1,1,0,0,0.999992967,0.999588668,0.000403679,0.002250257,1,1,0,0,1,2,2
low_haze,2958,1,1,0,0,0.999984264,0.999818504,0.00247224,0.011942117,1,1,0,0,1,2,2
low_haze,3028,1,1,0,0,0.999984384,0.999918222,0.000996599,0.004115835,1,1,0,0,1,2,2
low_haze,3089,1,1,0,0,0.999982834,0.999927044,0.000300334,0.002106687,1,1,0,0,1,2,2
low_haze,3143,1,1,0,0,0.99998498,0.999144554,0.000296145,0.00455559,1,1,0,0,1,2,2
low_haze,3248,1,1,0,0,0.999985337,0.999982595,0.000304801,0.003433952,1,1,0,0,1,2,2
low_haze,3266,1,1,0,0,0.999986529,0.999967337,0.000292047,0.004912233,1,1,0,0,1,2,2
low_haze,3278,1,1,0,0,0.999989152,0.99995625,0.00045168,0.002910787,1,1,0,0,1,2,2
low_haze,3516,1,1,0,0,0.999986529,0.999778807,0.002342088,0.009172772,1,1,0,0,1,2,2
low_haze,3826,1,1,0,0,0.701206028,0.999755442,0.00018153,0.004439089,1,1,0,0,1,2,2
low_haze,4073,1,1,0,0,0.999965191,0.999984741,0.000263824,0.003243735,1,1,0,0,1,2,2
low_haze,4105,1,1,0,0,0.99998343,0.99998641,0.000254914,0.004515345,1,1,0,0,1,2,2
low_haze,4138,1,1,0,0,0.999986291,0.999791205,0.000280876,0.002725294,1,1,0,0,1,2,2
low_haze,4181,1,1,0,0,0.41615209,0.999822915,0.000825635,0.006056497,0,1,0,0,0,2,1
low_haze,4435,1,1,0,0,0.999989867,0.999981642,0.000235797,0.001748227,1,1,0,0,1,2,2
low_haze,4519,1,1,0,0,0.999984741,0.999985814,0.000191752,0.002257084,1,1,0,0,1,2,2
low_haze,4534,1,1,0,0,0.99998796,0.999769151,0.000409142,0.002375287,1,1,0,0,1,2,2
low_haze,4566,1,1,0,0,0.477560759,0.999890447,0.000233782,0.0061695,0,1,0,0,0,2,1
low_haze,4622,1,1,0,0,0.999983311,0.999969602,0.000384391,0.003781958,1,1,0,0,1,2,2
low_haze,4647,1,1,0,0,0.99998951,0.999970078,0.000326679,0.003218434,1,1,0,0,1,2,2
low_haze,6941,1,1,0,0,0.999989748,0.999978304,0.000283142,0.002271944,1,1,0,0,1,2,2
low_haze,6942,1,1,0,0,0.999985576,0.999259651,0.000944265,0.00543258,1,1,0,0,1,2,2
low_haze,6945,1,1,0,0,0.999989986,0.999991894,0.00023909,0.001976131,1,1,0,0,1,2,2
low_haze,6946,1,1,0,0,0.999982953,0.997457087,0.000833632,0.008070271,1,1,0,0,1,2,2
low_haze,6951,1,1,0,0,0.999983788,0.999913573,0.000764149,0.008210477,1,1,0,0,1,2,2
low_haze,6955,1,1,0,0,0.999982715,0.998139739,0.000558544,0.005149212,1,1,0,0,1,2,2
low_haze,6963,1,1,0,0,0.999985099,0.999601424,0.001287402,0.005341923,1,1,0,0,1,2,2
low_haze,6968,1,1,0,0,0.999969244,0.999887943,0.000490858,0.012608252,1,1,0,0,1,2,2
low_haze,6975,1,1,0,0,0.999988437,0.999980688,0.00028229,0.004156445,1,1,0,0,1,2,2
low_haze,6978,1,1,0,0,0.99999094,0.99995327,0.000455941,0.003274223,1,1,0,0,1,2,2
low_haze,6986,1,1,0,0,0.999987245,0.999618053,0.000419484,0.005254256,1,1,0,0,1,2,2
low_haze,6988,1,1,0,0,0.999977589,0.999874592,0.001476297,0.004265953,1,1,0,0,1,2,2
low_haze,7067,1,1,0,0,0.999988794,0.999909759,0.00138622,0.002858266,1,1,0,0,1,2,2
low_haze,7072,1,1,0,0,0.999987006,0.999134839,0.00125272,0.002926753,1,1,0,0,1,2,2
low_haze,7074,1,1,0,0,0.99998188,0.999903917,0.000388488,0.005332511,1,1,0,0,1,2,2
low_haze,7077,1,1,0,0,0.999971628,0.998758554,0.000672157,0.005901514,1,1,0,0,1,2,2
low_haze,7078,1,1,0,0,0.999986649,0.999814212,0.000702946,0.005763756,1,1,0,0,1,2,2
low_haze,7080,1,1,0,0,0.999988437,0.999979496,0.000319744,0.004127113,1,1,0,0,1,2,2
low_haze,7083,1,1,0,0,0.999986053,0.999515057,0.000393226,0.003963659,1,1,0,0,1,2,2
low_haze,7086,1,1,0,0,0.999959588,0.999982238,0.000378048,0.002897518,1,1,0,0,1,2,2
low_haze,7087,1,1,0,0,0.999978423,0.999792635,0.000500192,0.004014487,1,1,0,0,1,2,2
low_haze,7090,1,1,0,0,0.99998796,0.999947429,0.000386819,0.004016084,1,1,0,0,1,2,2
low_haze,7096,1,1,0,0,0.99998498,0.999922276,0.000666939,0.004967242,1,1,0,0,1,2,2
low_haze,7186,1,1,0,0,0.999987602,0.998674929,0.002316522,0.005171382,1,1,0,0,1,2,2
low_haze,7189,1,1,0,0,0.999991298,0.999991536,0.000399141,0.00231715,1,1,0,0,1,2,2
low_haze,7207,1,1,0,0,0.999984145,0.999479234,0.000415115,0.006662739,1,1,0,0,1,2,2
low_haze,7214,1,1,0,0,0.999988914,0.999958038,0.000188361,0.002814428,1,1,0,0,1,2,2
low_haze,7227,1,1,0,0,0.999987125,0.999965906,0.000372932,0.003299253,1,1,0,0,1,2,2
low_haze,7229,1,1,0,0,0.999987841,0.999085426,0.000284821,0.003206222,1,1,0,0,1,2,2
low_haze,7234,1,1,0,0,0.99998796,0.999985933,0.000232486,0.002202553,1,1,0,0,1,2,2
low_haze,7235,1,1,0,0,0.999988675,0.999848485,0.000290773,0.003287409,1,1,0,0,1,2,2
low_haze,7236,1,1,0,0,0.999987483,0.999985695,0.000181109,0.002282433,1,1,0,0,1,2,2
low_haze,7246,1,1,0,0,0.999970078,0.99944216,0.000879374,0.008826998,1,1,0,0,1,2,2
low_haze,7251,1,1,0,0,0.999987483,0.999989271,0.000354238,0.003300045,1,1,0,0,1,2,2
low_rain,2,1,0,1,0,0.999996424,0.000755529,0.999760687,8.50E-05,1,0,1,0,1,2,2
low_rain,8,1,0,1,0,0.999997377,0.00013378,0.999845147,4.86E-05,1,0,1,0,1,2,2
low_rain,10,1,0,1,0,0.999987006,0.00460873,0.999537587,0.000144149,1,0,1,0,1,2,2
low_rain,13,1,0,1,0,0.999997139,3.59E-05,0.99990344,4.33E-05,1,0,1,0,1,2,2
low_rain,18,1,0,1,0,0.99999702,2.67E-05,0.995401859,0.000458901,1,0,1,0,1,2,2
low_rain,21,1,0,1,0,0.999996185,0.000397086,0.997103155,0.000293897,1,0,1,0,1,2,2
low_rain,24,1,0,1,0,0.99999392,0.002690992,0.999568164,8.58E-05,1,0,1,0,1,2,2
low_rain,28,1,0,1,0,0.999996543,0.000606087,0.999316454,9.37E-05,1,0,1,0,1,2,2
low_rain,32,1,0,1,0,0.999994993,0.00065694,0.999579012,0.000114057,1,0,1,0,1,2,2
low_rain,44,1,0,1,0,0.999995589,0.001618971,0.999698281,7.85E-05,1,0,1,0,1,2,2
low_rain,54,1,0,1,0,0.99999547,0.00104782,0.99984026,4.24E-05,1,0,1,0,1,2,2
low_rain,55,1,0,1,0,0.999996424,0.000526575,0.999817908,4.99E-05,1,0,1,0,1,2,2
low_rain,58,1,0,1,0,0.999996305,0.000205329,0.999738753,7.18E-05,1,0,1,0,1,2,2
low_rain,60,1,0,1,0,0.999994516,0.002259684,0.999816835,5.85E-05,1,0,1,0,1,2,2
low_rain,62,1,0,1,0,0.999991179,0.000405851,0.999905825,3.56E-05,1,0,1,0,1,2,2
low_rain,67,1,0,1,0,0.999982357,0.003181038,0.999834538,4.78E-05,1,0,1,0,1,2,2
low_rain,71,1,0,1,0,0.999991536,0.001099588,0.999786079,8.44E-05,1,0,1,0,1,2,2
low_rain,72,1,0,1,0,0.999987602,0.003842894,0.999556005,0.000116301,1,0,1,0,1,2,2
low_rain,74,1,0,1,0,0.999997497,0.000178108,0.99988544,3.54E-05,1,0,1,0,1,2,2
low_rain,75,1,0,1,0,0.999997258,0.000939409,0.999797761,5.14E-05,1,0,1,0,1,2,2
low_rain,81,1,0,1,0,0.999954224,0.004289067,0.999508739,0.000165008,1,0,1,0,1,2,2
low_rain,88,1,0,1,0,0.999994636,0.00085529,0.999820292,4.91E-05,1,0,1,0,1,2,2
low_rain,93,1,0,1,0,0.999996066,0.000435074,0.999926925,2.76E-05,1,0,1,0,1,2,2
low_rain,95,1,0,1,0,0.999995947,0.000679994,0.999714196,8.74E-05,1,0,1,0,1,2,2
low_rain,96,1,0,1,0,0.999995589,0.000385288,0.998988926,0.000156479,1,0,1,0,1,2,2
low_rain,102,1,0,1,0,0.999987483,0.000518792,0.999605834,0.000217608,1,0,1,0,1,2,2
low_rain,111,1,0,1,0,0.999996066,9.86E-05,0.999763787,7.27E-05,1,0,1,0,1,2,2
low_rain,115,1,0,1,0,0.99999702,0.000312192,0.998908639,0.000119826,1,0,1,0,1,2,2
low_rain,121,1,0,1,0,0.999996662,0.000411447,0.99980098,5.08E-05,1,0,1,0,1,2,2
low_rain,124,1,0,1,0,0.999997735,1.27E-05,0.999756992,8.70E-05,1,0,1,0,1,2,2
low_rain,125,1,0,1,0,0.999992967,0.00030077,0.999880195,4.09E-05,1,0,1,0,1,2,2
low_rain,128,1,0,1,0,0.99999404,0.000322989,0.999851584,6.61E-05,1,0,1,0,1,2,2
low_rain,131,1,0,1,0,0.999996781,0.000463289,0.999828219,5.29E-05,1,0,1,0,1,2,2
low_rain,135,1,0,1,0,0.999997377,0.000170281,0.999909639,3.57E-05,1,0,1,0,1,2,2
low_rain,140,1,0,1,0,0.999991298,0.001218908,0.999842405,4.92E-05,1,0,1,0,1,2,2
low_rain,143,1,0,1,0,0.999997139,0.000473078,0.999861956,3.32E-05,1,0,1,0,1,2,2
low_rain,145,1,0,1,0,0.999987245,0.004407773,0.903145015,0.007450699,1,0,1,0,1,2,2
low_rain,146,1,0,1,0,0.99999547,0.000785376,0.999666452,9.81E-05,1,0,1,0,1,2,2
low_rain,151,1,0,1,0,0.999993682,0.000233206,0.99979502,8.49E-05,1,0,1,0,1,2,2
low_rain,156,1,0,1,0,0.999990821,0.139994204,0.999654293,9.23E-05,1,0,1,0,1,2,2
low_rain,157,1,0,1,0,0.99999547,0.00059845,0.999856591,4.88E-05,1,0,1,0,1,2,2
low_rain,173,1,0,1,0,0.999996305,0.002209036,0.999500632,0.000102011,1,0,1,0,1,2,2
low_rain,181,1,0,1,0,0.999994755,0.001193424,0.999510527,0.000141301,1,0,1,0,1,2,2
low_rain,191,1,0,1,0,0.999994755,0.00106512,0.999870777,3.49E-05,1,0,1,0,1,2,2
low_rain,205,1,0,1,0,0.999994278,0.000716792,0.99971801,8.74E-05,1,0,1,0,1,2,2
low_rain,208,1,0,1,0,0.999993086,0.000679222,0.999861836,5.16E-05,1,0,1,0,1,2,2
low_rain,213,1,0,1,0,0.999982715,0.004699824,0.999625921,0.000102282,1,0,1,0,1,2,2
low_rain,218,1,0,1,0,0.999995351,0.000195132,0.999361455,0.000123911,1,0,1,0,1,2,2
low_rain,221,1,0,1,0,0.999988079,0.001672355,0.999582231,0.000111599,1,0,1,0,1,2,2
low_rain,222,1,0,1,0,0.99998951,0.00124349,0.999539971,0.000140302,1,0,1,0,1,2,2
low_rain,226,1,0,1,0,0.999965668,0.025274258,0.999275863,0.000187753,1,0,1,0,1,2,2
low_rain,231,1,0,1,0,0.99999547,0.001588332,0.9983114,0.000160348,1,0,1,0,1,2,2
low_rain,321,1,0,1,0,0.999995947,0.000312215,0.99976939,6.37E-05,1,0,1,0,1,2,2
low_rain,337,1,0,1,0,0.999992013,0.001950434,0.999441803,0.000127706,1,0,1,0,1,2,2
low_rain,339,1,0,1,0,0.99999547,0.001784608,0.999884009,4.19E-05,1,0,1,0,1,2,2
low_rain,343,1,0,1,0,0.999996305,0.000971683,0.99979943,6.19E-05,1,0,1,0,1,2,2
low_rain,344,1,0,1,0,0.99999094,0.000296043,0.99859339,0.000260952,1,0,1,0,1,2,2
low_rain,347,1,0,1,0,0.999997258,0.000350144,0.99976629,3.67E-05,1,0,1,0,1,2,2
low_rain,357,1,0,1,0,0.999995351,0.000185318,0.999755204,5.01E-05,1,0,1,0,1,2,2
low_rain,359,1,0,1,0,0.999981284,0.004458057,0.997189462,0.000636918,1,0,1,0,1,2,2
low_rain,360,1,0,1,0,0.999996901,0.00057273,0.999845624,4.69E-05,1,0,1,0,1,2,2
low_rain,364,1,0,1,0,0.999995947,0.000426041,0.999931931,2.37E-05,1,0,1,0,1,2,2
low_rain,366,1,0,1,0,0.999996424,0.000278224,0.999782264,9.25E-05,1,0,1,0,1,2,2
low_rain,370,1,0,1,0,0.999993563,0.000158291,0.999890327,4.88E-05,1,0,1,0,1,2,2
low_rain,371,1,0,1,0,0.367251486,0.00066065,0.998598754,0.001097619,0,0,1,0,0,2,1
low_rain,372,1,0,1,0,0.999995351,0.000510736,0.99985075,5.08E-05,1,0,1,0,1,2,2
low_rain,374,1,0,1,0,0.999995828,0.003360769,0.999862552,3.82E-05,1,0,1,0,1,2,2
low_rain,376,1,0,1,0,0.999988794,0.000807961,0.999725521,0.000110764,1,0,1,0,1,2,2
low_rain,400,1,0,1,0,0.999982953,0.058975346,0.998390317,0.000235723,1,0,1,0,1,2,2
low_rain,421,1,0,1,0,0.999996066,0.000283255,0.999784052,6.23E-05,1,0,1,0,1,2,2
low_rain,422,1,0,1,0,0.99999702,0.001846094,0.999807298,6.13E-05,1,0,1,0,1,2,2
low_rain,431,1,0,1,0,0.999991536,0.007673725,0.999271214,0.000140306,1,0,1,0,1,2,2
low_rain,432,1,0,1,0,0.999986291,0.003309596,0.995446742,0.000490351,1,0,1,0,1,2,2
low_rain,448,1,0,1,0,0.999995112,0.000656318,0.999777734,7.66E-05,1,0,1,0,1,2,2
low_rain,468,1,0,1,0,0.999996781,0.000213013,0.999692202,7.29E-05,1,0,1,0,1,2,2
low_rain,469,1,0,1,0,0.999995828,0.001022986,0.999228954,0.000150139,1,0,1,0,1,2,2
low_rain,471,1,0,1,0,0.99999404,0.001239527,0.999588311,0.00010775,1,0,1,0,1,2,2
low_rain,473,1,0,1,0,0.999997139,3.23E-05,0.999812305,2.69E-05,1,0,1,0,1,2,2
low_rain,475,1,0,1,0,0.999995351,0.000200656,0.99979037,6.66E-05,1,0,1,0,1,2,2
low_rain,480,1,0,1,0,0.99999392,0.001095563,0.999927282,2.76E-05,1,0,1,0,1,2,2
low_rain,484,1,0,1,0,0.999994993,0.000246931,0.999602377,0.000115774,1,0,1,0,1,2,2
low_rain,492,1,0,1,0,0.999996901,0.000908371,0.99977392,5.86E-05,1,0,1,0,1,2,2
low_rain,493,1,0,1,0,0.999993682,0.000800869,0.999699712,0.000102717,1,0,1,0,1,2,2
low_rain,498,1,0,1,0,0.99999094,0.001341207,0.999634147,0.000100686,1,0,1,0,1,2,2
low_rain,503,1,0,1,0,0.999996066,0.001715695,0.999684334,6.62E-05,1,0,1,0,1,2,2
low_rain,509,1,0,1,0,0.999996305,0.000181843,0.999922991,3.07E-05,1,0,1,0,1,2,2
low_rain,556,1,0,1,0,0.999994993,8.25E-05,0.999798238,9.19E-05,1,0,1,0,1,2,2
low_rain,582,1,0,1,0,0.999987245,0.003613569,0.999628186,0.000127152,1,0,1,0,1,2,2
low_rain,605,1,0,1,0,0.999994755,0.001757463,0.889513314,0.000940009,1,0,1,0,1,2,2
low_rain,614,1,0,1,0,0.999991894,0.000147379,0.999844909,6.94E-05,1,0,1,0,1,2,2
low_rain,617,1,0,1,0,0.999995589,0.000467091,0.999555051,9.43E-05,1,0,1,0,1,2,2
low_rain,645,1,0,1,0,0.999996901,0.000143349,0.999819815,4.80E-05,1,0,1,0,1,2,2
low_rain,648,1,0,1,0,0.999995708,0.000226546,0.999868393,4.23E-05,1,0,1,0,1,2,2
low_rain,652,1,0,1,0,0.999995589,0.000582188,0.999802411,6.19E-05,1,0,1,0,1,2,2
low_rain,657,1,0,1,0,0.999995828,5.35E-05,0.999661207,8.93E-05,1,0,1,0,1,2,2
low_rain,659,1,0,1,0,0.999993443,0.000427583,0.999733269,6.33E-05,1,0,1,0,1,2,2
low_rain,668,1,0,1,0,0.999993801,0.006853751,0.99977392,6.62E-05,1,0,1,0,1,2,2
low_rain,673,1,0,1,0,0.886723399,0.000230067,0.999718845,0.000148673,1,0,1,0,1,2,2
low_rain,693,1,0,1,0,0.999994159,0.007925668,0.998576641,0.000161377,1,0,1,0,1,2,2
low_rain,710,1,0,1,0,0.99998939,0.001436452,0.999725759,9.30E-05,1,0,1,0,1,2,2
low_rain,714,1,0,1,0,0.476050079,0.281755894,0.999763787,7.57E-05,0,0,1,0,0,2,1
low_rain,730,1,0,1,0,0.473709822,0.033047222,0.99975723,0.000107334,0,0,1,0,0,2,1
low_rain,747,1,0,1,0,0.999984384,0.001150595,0.999892831,4.66E-05,1,0,1,0,1,2,2
low_rain,850,1,0,1,0,0.999992847,0.000226611,0.998224676,0.000267546,1,0,1,0,1,2,2
low_rain,864,1,0,1,0,0.999998093,4.51E-05,0.999676585,5.76E-05,1,0,1,0,1,2,2
low_rain,866,1,0,1,0,0.99999547,0.000951926,0.999506474,0.000124507,1,0,1,0,1,2,2
low_rain,876,1,0,1,0,0.999996662,0.000633665,0.999859333,4.27E-05,1,0,1,0,1,2,2
low_rain,890,1,0,1,0,0.999996305,5.96E-05,0.999511123,0.000112098,1,0,1,0,1,2,2
low_rain,893,1,0,1,0,0.999993801,0.002055167,0.999429166,0.000112352,1,0,1,0,1,2,2
low_rain,906,1,0,1,0,0.999996424,0.00046468,0.999863982,5.91E-05,1,0,1,0,1,2,2
low_rain,915,1,0,1,0,0.99999392,0.002628589,0.999687314,9.31E-05,1,0,1,0,1,2,2
low_rain,917,1,0,1,0,0.999997377,0.000574722,0.999808013,5.04E-05,1,0,1,0,1,2,2
low_rain,919,1,0,1,0,0.99999547,0.001336895,0.999720752,7.70E-05,1,0,1,0,1,2,2
low_rain,922,1,0,1,0,0.999996305,0.001131314,0.99945122,8.44E-05,1,0,1,0,1,2,2
low_rain,923,1,0,1,0,0.99999702,0.00053692,0.99984014,4.65E-05,1,0,1,0,1,2,2
low_rain,943,1,0,1,0,0.999997258,0.000410089,0.999461114,5.91E-05,1,0,1,0,1,2,2
low_rain,964,1,0,1,0,0.999995351,0.000237653,0.999360502,0.000148999,1,0,1,0,1,2,2
low_rain,974,1,0,1,0,0.999994874,0.001192767,0.999638796,9.50E-05,1,0,1,0,1,2,2
low_rain,977,1,0,1,0,0.999997139,0.000169974,0.999624252,7.86E-05,1,0,1,0,1,2,2
low_rain,986,1,0,1,0,0.99999702,0.000323329,0.999882579,3.91E-05,1,0,1,0,1,2,2
low_rain,994,1,0,1,0,0.550553083,0.031189417,0.999820054,8.46E-05,1,0,1,0,1,2,2
low_rain,1039,1,0,1,0,0.999996662,0.001006938,0.999904394,3.47E-05,1,0,1,0,1,2,2
low_rain,1105,1,0,1,0,0.999995112,0.000927689,0.999722421,8.47E-05,1,0,1,0,1,2,2
low_rain,1148,1,0,1,0,0.999996066,0.000678746,0.999615908,6.32E-05,1,0,1,0,1,2,2
low_rain,1218,1,0,1,0,0.999994874,0.001790805,0.999579966,9.71E-05,1,0,1,0,1,2,2
low_rain,1244,1,0,1,0,0.999995947,0.000414546,0.999915123,3.05E-05,1,0,1,0,1,2,2
low_rain,1402,1,0,1,0,0.999997973,0.000492854,0.999816835,5.84E-05,1,0,1,0,1,2,2
low_rain,1792,1,0,1,0,0.600410461,0.00015158,0.999776185,0.000236713,1,0,1,0,1,2,2
low_rain,1970,1,0,1,0,0.999982476,6.61E-05,0.998597801,0.000219187,1,0,1,0,1,2,2
low_rain,2155,1,0,1,0,0.999986649,0.000582922,0.998080611,0.000180299,1,0,1,0,1,2,2
low_rain,2172,1,0,1,0,0.999994278,0.000470556,0.999127924,0.000292265,1,0,1,0,1,2,2
low_rain,2322,1,0,1,0,0.999993205,0.000305349,0.999811351,7.06E-05,1,0,1,0,1,2,2
low_rain,2331,1,0,1,0,0.999985814,0.001702785,0.998411059,0.000274284,1,0,1,0,1,2,2
low_rain,2335,1,0,1,0,0.999991417,0.000601456,0.999684334,9.27E-05,1,0,1,0,1,2,2
low_rain,2421,1,0,1,0,0.99999702,0.00020182,0.999798834,6.61E-05,1,0,1,0,1,2,2
low_rain,2430,1,0,1,0,0.999995947,0.0007575,0.999880552,3.65E-05,1,0,1,0,1,2,2
low_rain,2441,1,0,1,0,0.999994516,0.004440124,0.999908924,3.09E-05,1,0,1,0,1,2,2
low_rain,2459,1,0,1,0,0.999985099,0.079657651,0.998799086,0.000241708,1,0,1,0,1,2,2
low_rain,2467,1,0,1,0,0.999989867,0.00154187,0.99979955,7.56E-05,1,0,1,0,1,2,2
low_rain,2521,1,0,1,0,0.99999702,0.000410992,0.999893427,3.07E-05,1,0,1,0,1,2,2
low_rain,2542,1,0,1,0,0.999996781,0.000152233,0.999018431,0.000172367,1,0,1,0,1,2,2
low_rain,2559,1,0,1,0,0.999995828,0.001164751,0.979366601,0.000790759,1,0,1,0,1,2,2
low_rain,2564,1,0,1,0,0.999996543,0.001374725,0.999882817,3.43E-05,1,0,1,0,1,2,2
low_rain,2566,1,0,1,0,0.999996901,4.92E-05,0.999783576,7.47E-05,1,0,1,0,1,2,2
low_rain,2569,1,0,1,0,0.999988914,0.000698043,0.999749482,8.78E-05,1,0,1,0,1,2,2
low_rain,2602,1,0,1,0,0.999995589,0.000812121,0.999735415,8.16E-05,1,0,1,0,1,2,2
low_rain,2782,1,0,1,0,0.999994755,0.000197278,0.9996773,0.000112462,1,0,1,0,1,2,2
low_rain,2958,1,0,1,0,0.999991775,0.000229386,0.999905467,3.65E-05,1,0,1,0,1,2,2
low_rain,3028,1,0,1,0,0.999996185,0.00055366,0.999718726,7.64E-05,1,0,1,0,1,2,2
low_rain,3089,1,0,1,0,0.999996901,0.000519214,0.999815404,3.62E-05,1,0,1,0,1,2,2
low_rain,3143,1,0,1,0,0.999996424,0.00065671,0.999855042,5.13E-05,1,0,1,0,1,2,2
low_rain,3248,1,0,1,0,0.999996185,0.000626033,0.999746382,7.67E-05,1,0,1,0,1,2,2
low_rain,3266,1,0,1,0,0.999995947,0.000347549,0.999859452,6.56E-05,1,0,1,0,1,2,2
low_rain,3278,1,0,1,0,0.999996543,0.001019071,0.999918938,2.44E-05,1,0,1,0,1,2,2
low_rain,3516,1,0,1,0,0.999982119,0.00081578,0.999835253,6.07E-05,1,0,1,0,1,2,2
low_rain,3826,1,0,1,0,0.943812132,0.000260177,0.999959826,3.18E-05,1,0,1,0,1,2,2
low_rain,4073,1,0,1,0,0.999993443,0.001188171,0.999810994,7.55E-05,1,0,1,0,1,2,2
low_rain,4105,1,0,1,0,0.999987125,0.001969649,0.999674559,9.74E-05,1,0,1,0,1,2,2
low_rain,4138,1,0,1,0,0.999986887,0.007252684,0.999816,6.12E-05,1,0,1,0,1,2,2
low_rain,4181,1,0,1,0,0.360323727,0.000111047,0.999661326,0.000327174,0,0,1,0,0,2,1
low_rain,4435,1,0,1,0,0.999990821,0.00380345,0.999688148,9.42E-05,1,0,1,0,1,2,2
low_rain,4519,1,0,1,0,0.999995589,0.004039017,0.999827743,4.38E-05,1,0,1,0,1,2,2
low_rain,4534,1,0,1,0,0.999995232,0.002414215,0.999458253,0.000103343,1,0,1,0,1,2,2
low_rain,4566,1,0,1,0,0.454738736,2.34E-05,0.999321818,0.000619316,0,0,1,0,0,2,1
low_rain,4622,1,0,1,0,0.999997258,0.000303287,0.999693513,7.99E-05,1,0,1,0,1,2,2
low_rain,4647,1,0,1,0,0.999996066,0.000337658,0.999776781,6.70E-05,1,0,1,0,1,2,2
low_rain,6941,1,0,1,0,0.999992728,0.00082409,0.999751151,9.10E-05,1,0,1,0,1,2,2
low_rain,6942,1,0,1,0,0.999994993,0.000189933,0.998842716,0.000157724,1,0,1,0,1,2,2
low_rain,6945,1,0,1,0,0.999996066,0.000141913,0.999591768,8.59E-05,1,0,1,0,1,2,2
low_rain,6946,1,0,1,0,0.999989867,0.000858861,0.995533586,0.000547809,1,0,1,0,1,2,2
low_rain,6951,1,0,1,0,0.999992728,0.000432682,0.977991402,0.002216374,1,0,1,0,1,2,2
low_rain,6955,1,0,1,0,0.99998951,0.000647151,0.999480069,9.78E-05,1,0,1,0,1,2,2
low_rain,6963,1,0,1,0,0.999997258,0.000474162,0.996841311,0.000260178,1,0,1,0,1,2,2
low_rain,6968,1,0,1,0,0.999989629,0.002406431,0.998950481,0.000258828,1,0,1,0,1,2,2
low_rain,6975,1,0,1,0,0.999994278,0.000137962,0.999889851,4.17E-05,1,0,1,0,1,2,2
low_rain,6978,1,0,1,0,0.999997258,8.44E-05,0.999782979,7.27E-05,1,0,1,0,1,2,2
low_rain,6986,1,0,1,0,0.999996424,0.000220663,0.999899507,3.54E-05,1,0,1,0,1,2,2
low_rain,6988,1,0,1,0,0.999994755,0.003815206,0.999225259,0.000207112,1,0,1,0,1,2,2
low_rain,7067,1,0,1,0,0.999996781,0.000480538,0.999894142,3.39E-05,1,0,1,0,1,2,2
low_rain,7072,1,0,1,0,0.999996662,0.000474964,0.998278737,0.000161648,1,0,1,0,1,2,2
low_rain,7074,1,0,1,0,0.999992371,0.003143194,0.999812186,6.87E-05,1,0,1,0,1,2,2
low_rain,7077,1,0,1,0,0.999988914,0.091892973,0.99947232,0.000101629,1,0,1,0,1,2,2
low_rain,7078,1,0,1,0,0.99999702,9.82E-05,0.983609319,0.00068512,1,0,1,0,1,2,2
low_rain,7080,1,0,1,0,0.999995947,0.001756906,0.998391807,0.000220305,1,0,1,0,1,2,2
low_rain,7083,1,0,1,0,0.999995112,0.000402551,0.99983871,5.88E-05,1,0,1,0,1,2,2
low_rain,7086,1,0,1,0,0.999996185,0.000653408,0.999650002,0.000138754,1,0,1,0,1,2,2
low_rain,7087,1,0,1,0,0.99999547,0.000582903,0.998641193,0.000187595,1,0,1,0,1,2,2
low_rain,7090,1,0,1,0,0.99999702,0.001086588,0.999818265,6.01E-05,1,0,1,0,1,2,2
low_rain,7096,1,0,1,0,0.999994755,0.000436197,0.999640942,8.41E-05,1,0,1,0,1,2,2
low_rain,7186,1,0,1,0,0.999996424,0.000246985,0.999581635,7.12E-05,1,0,1,0,1,2,2
low_rain,7189,1,0,1,0,0.999996185,0.000415606,0.999591291,0.000168515,1,0,1,0,1,2,2
low_rain,7207,1,0,1,0,0.999990463,0.005502266,0.993784428,0.000653721,1,0,1,0,1,2,2
low_rain,7214,1,0,1,0,0.999992967,0.000742519,0.999637961,8.84E-05,1,0,1,0,1,2,2
low_rain,7227,1,0,1,0,0.999995351,9.04E-05,0.999784529,9.14E-05,1,0,1,0,1,2,2
low_rain,7229,1,0,1,0,0.999997258,0.001238259,0.999768913,7.39E-05,1,0,1,0,1,2,2
low_rain,7234,1,0,1,0,0.999996901,0.000335148,0.99949801,8.89E-05,1,0,1,0,1,2,2
low_rain,7235,1,0,1,0,0.999992013,0.001014576,0.999599278,0.00011141,1,0,1,0,1,2,2
low_rain,7236,1,0,1,0,0.999997139,0.000402178,0.999434292,5.55E-05,1,0,1,0,1,2,2
low_rain,7246,1,0,1,0,0.999991179,0.000796063,0.999805152,7.29E-05,1,0,1,0,1,2,2
low_rain,7251,1,0,1,0,0.999996305,0.000776152,0.999719203,8.83E-05,1,0,1,0,1,2,2
low_snow,2,1,0,0,1,0.999954104,0.000423732,1.52E-05,0.999963284,1,0,0,1,1,2,2
low_snow,8,1,0,0,1,0.999981999,0.000182018,5.04E-06,0.999944448,1,0,0,1,1,2,2
low_snow,10,1,0,0,1,0.999987245,0.000109162,5.22E-06,0.999910951,1,0,0,1,1,2,2
low_snow,13,1,0,0,1,0.999973178,7.86E-05,9.67E-06,0.999959826,1,0,0,1,1,2,2
low_snow,18,1,0,0,1,0.999975801,4.03E-06,7.09E-06,0.999821126,1,0,0,1,1,2,2
low_snow,21,1,0,0,1,0.999969363,0.000498766,1.66E-05,0.999947786,1,0,0,1,1,2,2
low_snow,24,1,0,0,1,0.9999789,0.000551933,1.90E-05,0.99994874,1,0,0,1,1,2,2
low_snow,28,1,0,0,1,0.999985933,0.000169004,6.80E-06,0.999894738,1,0,0,1,1,2,2
low_snow,32,1,0,0,1,0.99998033,0.000374398,2.23E-05,0.999856472,1,0,0,1,1,2,2
low_snow,44,1,0,0,1,0.99998498,9.38E-06,4.36E-06,0.999983311,1,0,0,1,1,2,2
low_snow,54,1,0,0,1,0.999978423,0.000150467,2.08E-05,0.999941826,1,0,0,1,1,2,2
low_snow,55,1,0,0,1,0.999977827,0.000231894,2.55E-05,0.999929428,1,0,0,1,1,2,2
low_snow,58,1,0,0,1,0.999986053,8.85E-05,3.89E-06,0.999986053,1,0,0,1,1,2,2
low_snow,60,1,0,0,1,0.999940276,0.001674066,1.28E-05,0.999971628,1,0,0,1,1,2,2
low_snow,62,1,0,0,1,0.999970198,0.000114153,9.30E-06,0.999946237,1,0,0,1,1,2,2
low_snow,67,1,0,0,1,0.999981046,0.000595201,2.22E-05,0.999907374,1,0,0,1,1,2,2
low_snow,71,1,0,0,1,0.999984026,0.00047353,1.17E-05,0.999951363,1,0,0,1,1,2,2
low_snow,72,1,0,0,1,0.999978423,0.000459211,1.54E-05,0.999947906,1,0,0,1,1,2,2
low_snow,74,1,0,0,1,0.999982238,0.003812692,1.20E-05,0.999953032,1,0,0,1,1,2,2
low_snow,75,1,0,0,1,0.999975562,9.49E-05,8.48E-06,0.99998045,1,0,0,1,1,2,2
low_snow,81,1,0,0,1,0.999973536,0.011357232,2.70E-05,0.999822795,1,0,0,1,1,2,2
low_snow,88,1,0,0,1,0.99996841,0.003331097,1.70E-05,0.999938846,1,0,0,1,1,2,2
low_snow,93,1,0,0,1,0.999984145,4.36E-06,1.55E-05,0.999952793,1,0,0,1,1,2,2
low_snow,95,1,0,0,1,0.999969125,0.000529003,2.18E-05,0.99993968,1,0,0,1,1,2,2
low_snow,96,1,0,0,1,0.99992609,0.001680734,1.19E-05,0.999966741,1,0,0,1,1,2,2
low_snow,102,1,0,0,1,0.999948144,0.001288705,1.29E-05,0.999970794,1,0,0,1,1,2,2
low_snow,111,1,0,0,1,0.99998045,7.91E-05,1.27E-05,0.999958396,1,0,0,1,1,2,2
low_snow,115,1,0,0,1,0.999990106,3.61E-05,6.62E-06,0.999955773,1,0,0,1,1,2,2
low_snow,121,1,0,0,1,0.999979496,0.000748441,1.57E-05,0.999956608,1,0,0,1,1,2,2
low_snow,124,1,0,0,1,0.999985695,2.68E-05,4.27E-06,0.999976993,1,0,0,1,1,2,2
low_snow,125,1,0,0,1,0.999976039,3.30E-05,3.09E-05,0.999923468,1,0,0,1,1,2,2
low_snow,128,1,0,0,1,0.999951005,0.000567176,2.20E-05,0.999950528,1,0,0,1,1,2,2
low_snow,131,1,0,0,1,0.99998498,0.000357321,9.70E-06,0.99996531,1,0,0,1,1,2,2
low_snow,135,1,0,0,1,0.999985814,8.56E-05,1.56E-05,0.999957204,1,0,0,1,1,2,2
low_snow,140,1,0,0,1,0.999982834,0.00030398,1.03E-05,0.999948859,1,0,0,1,1,2,2
low_snow,143,1,0,0,1,0.999868035,0.001873661,3.03E-05,0.999889731,1,0,0,1,1,2,2
low_snow,145,1,0,0,1,0.999978304,0.000856518,1.24E-05,0.999952555,1,0,0,1,1,2,2
low_snow,146,1,0,0,1,0.999981165,0.000703499,1.56E-05,0.999919891,1,0,0,1,1,2,2
low_snow,151,1,0,0,1,0.999986768,0.000299337,1.01E-05,0.9996382,1,0,0,1,1,2,2
low_snow,156,1,0,0,1,0.99997139,0.001040038,1.14E-05,0.999972105,1,0,0,1,1,2,2
low_snow,157,1,0,0,1,0.999953985,0.001075699,3.44E-05,0.999748051,1,0,0,1,1,2,2
low_snow,173,1,0,0,1,0.999971867,0.000667929,2.55E-05,0.999832988,1,0,0,1,1,2,2
low_snow,181,1,0,0,1,0.99997735,0.000166502,7.05E-06,0.99998045,1,0,0,1,1,2,2
low_snow,191,1,0,0,1,0.999983191,0.000600223,1.45E-05,0.999942064,1,0,0,1,1,2,2
low_snow,205,1,0,0,1,0.999970078,0.00037422,1.75E-05,0.999958158,1,0,0,1,1,2,2
low_snow,208,1,0,0,1,0.999977827,0.000235225,1.38E-05,0.999970913,1,0,0,1,1,2,2
low_snow,213,1,0,0,1,0.999950647,0.000861767,1.75E-05,0.999963999,1,0,0,1,1,2,2
low_snow,218,1,0,0,1,0.999988794,5.99E-05,8.16E-06,0.999959707,1,0,0,1,1,2,2
low_snow,221,1,0,0,1,0.999972105,0.001756287,1.36E-05,0.999958873,1,0,0,1,1,2,2
low_snow,222,1,0,0,1,0.999971271,0.000377803,2.13E-05,0.99995327,1,0,0,1,1,2,2
low_snow,226,1,0,0,1,0.999970198,0.00111331,2.15E-05,0.999935508,1,0,0,1,1,2,2
low_snow,231,1,0,0,1,0.999985218,0.001485646,1.12E-05,0.999911427,1,0,0,1,1,2,2
low_snow,321,1,0,0,1,0.999986053,0.000194743,7.46E-06,0.999977231,1,0,0,1,1,2,2
low_snow,337,1,0,0,1,0.999979496,0.000966806,1.14E-05,0.999961376,1,0,0,1,1,2,2
low_snow,339,1,0,0,1,0.99997139,6.82E-05,6.84E-06,0.999970317,1,0,0,1,1,2,2
low_snow,343,1,0,0,1,0.999982476,1.78E-05,3.73E-06,0.999938846,1,0,0,1,1,2,2
low_snow,344,1,0,0,1,0.99996829,0.000106946,8.60E-06,0.999981999,1,0,0,1,1,2,2
low_snow,347,1,0,0,1,0.999975562,0.000332471,1.01E-05,0.999867082,1,0,0,1,1,2,2
low_snow,357,1,0,0,1,0.999962687,0.000355907,1.20E-05,0.999892712,1,0,0,1,1,2,2
low_snow,359,1,0,0,1,0.999980807,0.000270604,2.08E-05,0.999846458,1,0,0,1,1,2,2
low_snow,360,1,0,0,1,0.999977708,0.000301459,2.12E-05,0.999946117,1,0,0,1,1,2,2
low_snow,364,1,0,0,1,0.999974132,0.000363902,2.49E-05,0.999938607,1,0,0,1,1,2,2
low_snow,366,1,0,0,1,0.999992609,8.06E-05,3.85E-06,0.999971151,1,0,0,1,1,2,2
low_snow,370,1,0,0,1,0.999982119,0.000114855,8.62E-06,0.999966741,1,0,0,1,1,2,2
low_snow,371,1,0,0,1,0.337922871,0.000314765,4.26E-05,0.999957919,0,0,0,1,0,2,1
low_snow,372,1,0,0,1,0.999976873,0.000210541,7.84E-06,0.999964714,1,0,0,1,1,2,2
low_snow,374,1,0,0,1,0.999981284,0.004383136,9.82E-06,0.999919415,1,0,0,1,1,2,2
low_snow,376,1,0,0,1,0.999983788,0.000621134,9.16E-06,0.999954581,1,0,0,1,1,2,2
low_snow,400,1,0,0,1,0.999970794,0.006158476,1.39E-05,0.999896884,1,0,0,1,1,2,2
low_snow,421,1,0,0,1,0.99997282,0.000721285,2.00E-05,0.999802887,1,0,0,1,1,2,2
low_snow,422,1,0,0,1,0.999983191,5.90E-05,7.89E-06,0.999958158,1,0,0,1,1,2,2
low_snow,431,1,0,0,1,0.999982834,0.000375622,9.77E-06,0.999961376,1,0,0,1,1,2,2
low_snow,432,1,0,0,1,0.99994874,0.001872074,3.07E-05,0.999852538,1,0,0,1,1,2,2
low_snow,448,1,0,0,1,0.999964118,0.000483057,2.02E-05,0.999856591,1,0,0,1,1,2,2
low_snow,468,1,0,0,1,0.999986053,6.02E-05,1.01E-05,0.999941468,1,0,0,1,1,2,2
low_snow,469,1,0,0,1,0.999988556,0.000128894,6.98E-06,0.999956727,1,0,0,1,1,2,2
low_snow,471,1,0,0,1,0.999968886,0.000606839,8.83E-05,0.997437835,1,0,0,1,1,2,2
low_snow,473,1,0,0,1,0.999919176,0.000294263,3.88E-05,0.999874353,1,0,0,1,1,2,2
low_snow,475,1,0,0,1,0.999981761,0.000308704,7.26E-06,0.999931335,1,0,0,1,1,2,2
low_snow,480,1,0,0,1,0.999971867,0.002333815,2.24E-05,0.999889374,1,0,0,1,1,2,2
low_snow,484,1,0,0,1,0.999980092,0.000616411,1.17E-05,0.99984467,1,0,0,1,1,2,2
low_snow,492,1,0,0,1,0.999986291,7.07E-05,1.25E-05,0.999906182,1,0,0,1,1,2,2
low_snow,493,1,0,0,1,0.999927521,0.000334778,2.69E-05,0.999931216,1,0,0,1,1,2,2
low_snow,498,1,0,0,1,0.999965549,0.000355483,1.61E-05,0.999933839,1,0,0,1,1,2,2
low_snow,503,1,0,0,1,0.999979019,0.000143224,2.37E-05,0.999848366,1,0,0,1,1,2,2
low_snow,509,1,0,0,1,0.9999789,4.58E-05,9.11E-06,0.999951005,1,0,0,1,1,2,2
low_snow,556,1,0,0,1,0.999985814,8.15E-05,9.54E-06,0.999976873,1,0,0,1,1,2,2
low_snow,582,1,0,0,1,0.999977469,0.00011934,9.95E-06,0.999964714,1,0,0,1,1,2,2
low_snow,605,1,0,0,1,0.999973297,0.00315934,1.59E-05,0.999954581,1,0,0,1,1,2,2
low_snow,614,1,0,0,1,0.999972105,0.001107024,1.27E-05,0.999967813,1,0,0,1,1,2,2
low_snow,617,1,0,0,1,0.999986172,0.000243018,1.10E-05,0.999946833,1,0,0,1,1,2,2
low_snow,645,1,0,0,1,0.999981046,0.000202061,2.57E-05,0.999938011,1,0,0,1,1,2,2
low_snow,648,1,0,0,1,0.999977708,0.000178528,1.07E-05,0.999951601,1,0,0,1,1,2,2
low_snow,652,1,0,0,1,0.999988198,3.89E-05,1.00E-05,0.999949932,1,0,0,1,1,2,2
low_snow,657,1,0,0,1,0.999983191,0.00031823,2.03E-05,0.9999125,1,0,0,1,1,2,2
low_snow,659,1,0,0,1,0.999983549,0.000845722,1.16E-05,0.999963403,1,0,0,1,1,2,2
low_snow,668,1,0,0,1,0.999981284,0.000197496,1.00E-05,0.999936938,1,0,0,1,1,2,2
low_snow,673,1,0,0,1,0.963569283,0.003247099,6.59E-06,0.999976277,1,0,0,1,1,2,2
low_snow,693,1,0,0,1,0.999979496,0.008986601,1.91E-05,0.999922037,1,0,0,1,1,2,2
low_snow,710,1,0,0,1,0.999975204,8.57E-05,8.65E-06,0.999891281,1,0,0,1,1,2,2
low_snow,714,1,0,0,1,0.317505509,0.09728042,2.75E-05,0.999943376,0,0,0,1,0,2,1
low_snow,730,1,0,0,1,0.343945503,0.011811216,6.63E-05,0.999929428,0,0,0,1,0,2,1
low_snow,747,1,0,0,1,0.999977589,0.001284378,4.43E-05,0.999882817,1,0,0,1,1,2,2
low_snow,850,1,0,0,1,0.999987245,5.26E-06,3.67E-06,0.9999125,1,0,0,1,1,2,2
low_snow,864,1,0,0,1,0.999966741,0.000152707,1.26E-05,0.999968529,1,0,0,1,1,2,2
low_snow,866,1,0,0,1,0.99998045,0.000204777,7.78E-06,0.999943495,1,0,0,1,1,2,2
low_snow,876,1,0,0,1,0.999983311,0.000767345,2.90E-05,0.999890685,1,0,0,1,1,2,2
low_snow,890,1,0,0,1,0.999971986,0.00766145,1.18E-05,0.999969244,1,0,0,1,1,2,2
low_snow,893,1,0,0,1,0.999964952,0.000678817,3.49E-05,0.999879718,1,0,0,1,1,2,2
low_snow,906,1,0,0,1,0.999976754,4.08E-05,8.79E-06,0.999982119,1,0,0,1,1,2,2
low_snow,915,1,0,0,1,0.999986887,2.45E-05,4.63E-06,0.999970078,1,0,0,1,1,2,2
low_snow,917,1,0,0,1,0.999972582,0.000904157,2.49E-05,0.999928236,1,0,0,1,1,2,2
low_snow,919,1,0,0,1,0.999975204,0.001304774,2.62E-05,0.999551713,1,0,0,1,1,2,2
low_snow,922,1,0,0,1,0.999979734,0.000912153,9.87E-06,0.99996841,1,0,0,1,1,2,2
low_snow,923,1,0,0,1,0.999981999,4.77E-05,1.33E-05,0.999944806,1,0,0,1,1,2,2
low_snow,943,1,0,0,1,0.999978304,0.00010677,1.44E-05,0.999912143,1,0,0,1,1,2,2
low_snow,964,1,0,0,1,0.999961615,0.001447316,1.71E-05,0.999949813,1,0,0,1,1,2,2
low_snow,974,1,0,0,1,0.999982834,0.000314371,7.08E-06,0.999947309,1,0,0,1,1,2,2
low_snow,977,1,0,0,1,0.999990225,6.71E-05,5.45E-06,0.999978185,1,0,0,1,1,2,2
low_snow,986,1,0,0,1,0.999985695,0.000268207,1.06E-05,0.999936223,1,0,0,1,1,2,2
low_snow,994,1,0,0,1,0.469740182,0.044075683,2.32E-05,0.999964595,0,0,0,1,0,2,1
low_snow,1039,1,0,0,1,0.999966979,0.000185053,1.02E-05,0.999977231,1,0,0,1,1,2,2
low_snow,1105,1,0,0,1,0.999983907,0.000902769,1.62E-05,0.999931812,1,0,0,1,1,2,2
low_snow,1148,1,0,0,1,0.999975681,0.000999316,1.80E-05,0.999549806,1,0,0,1,1,2,2
low_snow,1218,1,0,0,1,0.999976277,0.011062489,1.76E-05,0.999936938,1,0,0,1,1,2,2
low_snow,1244,1,0,0,1,0.999951124,0.000117931,1.47E-05,0.999956608,1,0,0,1,1,2,2
low_snow,1402,1,0,0,1,0.999988794,0.000556816,3.57E-05,0.995608151,1,0,0,1,1,2,2
low_snow,1792,1,0,0,1,0.611922979,0.00026944,2.02E-05,0.999984026,1,0,0,1,1,2,2
low_snow,1970,1,0,0,1,0.999967098,5.29E-06,1.16E-05,0.999878764,1,0,0,1,1,2,2
low_snow,2155,1,0,0,1,0.999947548,0.001147522,4.19E-05,0.999825299,1,0,0,1,1,2,2
low_snow,2172,1,0,0,1,0.99998033,0.000315052,6.43E-06,0.999866486,1,0,0,1,1,2,2
low_snow,2322,1,0,0,1,0.999959826,0.00012329,2.01E-05,0.999862432,1,0,0,1,1,2,2
low_snow,2331,1,0,0,1,0.99998498,0.000189067,9.85E-06,0.999949336,1,0,0,1,1,2,2
low_snow,2335,1,0,0,1,0.999956965,0.000481101,1.20E-05,0.999931693,1,0,0,1,1,2,2
low_snow,2421,1,0,0,1,0.999963164,8.06E-05,1.58E-05,0.999969602,1,0,0,1,1,2,2
low_snow,2430,1,0,0,1,0.999982953,0.001127853,4.16E-05,0.999790967,1,0,0,1,1,2,2
low_snow,2441,1,0,0,1,0.999976873,0.002276683,1.78E-05,0.999913812,1,0,0,1,1,2,2
low_snow,2459,1,0,0,1,0.999976397,0.030928325,8.73E-06,0.999951124,1,0,0,1,1,2,2
low_snow,2467,1,0,0,1,0.999981284,0.000452767,1.54E-05,0.9998734,1,0,0,1,1,2,2
low_snow,2521,1,0,0,1,0.999978781,0.00012031,1.01E-05,0.999924779,1,0,0,1,1,2,2
low_snow,2542,1,0,0,1,0.999985456,2.23E-05,3.81E-06,0.999965429,1,0,0,1,1,2,2
low_snow,2559,1,0,0,1,0.99998188,0.00081262,1.17E-05,0.999952078,1,0,0,1,1,2,2
low_snow,2564,1,0,0,1,0.999980927,0.000311407,1.18E-05,0.999930739,1,0,0,1,1,2,2
low_snow,2566,1,0,0,1,0.999989867,0.000213646,6.00E-06,0.999981999,1,0,0,1,1,2,2
low_snow,2569,1,0,0,1,0.999981165,0.000124338,1.92E-05,0.999727547,1,0,0,1,1,2,2
low_snow,2602,1,0,0,1,0.999966025,2.61E-05,1.00E-05,0.999783456,1,0,0,1,1,2,2
low_snow,2782,1,0,0,1,0.999975562,0.000169859,8.83E-06,0.999959111,1,0,0,1,1,2,2
low_snow,2958,1,0,0,1,0.999977112,3.01E-05,1.32E-05,0.999834418,1,0,0,1,1,2,2
low_snow,3028,1,0,0,1,0.999988556,0.000793326,9.71E-06,0.999962091,1,0,0,1,1,2,2
low_snow,3089,1,0,0,1,0.999979019,0.001636285,1.27E-05,0.999967337,1,0,0,1,1,2,2
low_snow,3143,1,0,0,1,0.999982476,0.000407791,1.85E-05,0.999928236,1,0,0,1,1,2,2
low_snow,3248,1,0,0,1,0.99998045,0.000397225,2.00E-05,0.999949932,1,0,0,1,1,2,2
low_snow,3266,1,0,0,1,0.999978781,0.000407055,1.66E-05,0.999929547,1,0,0,1,1,2,2
low_snow,3278,1,0,0,1,0.999961376,0.008825688,1.33E-05,0.999951482,1,0,0,1,1,2,2
low_snow,3516,1,0,0,1,0.999980927,0.000242353,1.24E-05,0.999889731,1,0,0,1,1,2,2
low_snow,3826,1,0,0,1,0.789626777,0.003086333,1.78E-05,0.999983311,1,0,0,1,1,2,2
low_snow,4073,1,0,0,1,0.999898553,0.005064004,2.78E-05,0.999939442,1,0,0,1,1,2,2
low_snow,4105,1,0,0,1,0.999955535,0.000836715,1.08E-05,0.99979645,1,0,0,1,1,2,2
low_snow,4138,1,0,0,1,0.99990201,0.004405725,2.49E-05,0.999940038,1,0,0,1,1,2,2
low_snow,4181,1,0,0,1,0.230066568,0.000317364,5.31E-05,0.999945283,0,0,0,1,0,2,1
low_snow,4435,1,0,0,1,0.999983311,5.67E-05,8.26E-06,0.999974132,1,0,0,1,1,2,2
low_snow,4519,1,0,0,1,0.999981523,0.000262274,1.73E-05,0.999958515,1,0,0,1,1,2,2
low_snow,4534,1,0,0,1,0.999978423,0.001244267,2.03E-05,0.999913096,1,0,0,1,1,2,2
low_snow,4566,1,0,0,1,0.434696496,3.57E-05,1.89E-05,0.999973297,0,0,0,1,0,2,1
low_snow,4622,1,0,0,1,0.999988079,0.093848377,8.87E-06,0.999959111,1,0,0,1,1,2,2
low_snow,4647,1,0,0,1,0.999980092,0.000541552,1.31E-05,0.999961019,1,0,0,1,1,2,2
low_snow,6941,1,0,0,1,0.999972582,0.000185188,9.59E-06,0.999975801,1,0,0,1,1,2,2
low_snow,6942,1,0,0,1,0.999988556,1.48E-05,8.17E-06,0.999878645,1,0,0,1,1,2,2
low_snow,6945,1,0,0,1,0.999977946,0.006845327,1.09E-05,0.999959707,1,0,0,1,1,2,2
low_snow,6946,1,0,0,1,0.999986172,1.58E-05,6.75E-06,0.999944329,1,0,0,1,1,2,2
low_snow,6951,1,0,0,1,0.999963284,4.14E-05,7.10E-06,0.999973416,1,0,0,1,1,2,2
low_snow,6955,1,0,0,1,0.999984741,9.89E-05,8.05E-06,0.999938488,1,0,0,1,1,2,2
low_snow,6963,1,0,0,1,0.999992847,2.16E-05,6.38E-06,0.999960423,1,0,0,1,1,2,2
low_snow,6968,1,0,0,1,0.999982715,0.000757584,1.64E-05,0.999886394,1,0,0,1,1,2,2
low_snow,6975,1,0,0,1,0.999978542,0.00022317,1.28E-05,0.99996686,1,0,0,1,1,2,2
low_snow,6978,1,0,0,1,0.999991179,7.31E-06,4.62E-06,0.999936223,1,0,0,1,1,2,2
low_snow,6986,1,0,0,1,0.999979377,0.001202601,1.25E-05,0.999951839,1,0,0,1,1,2,2
low_snow,6988,1,0,0,1,0.999986887,2.71E-05,6.27E-06,0.999964952,1,0,0,1,1,2,2
low_snow,7067,1,0,0,1,0.99996686,0.002053046,1.34E-05,0.999928474,1,0,0,1,1,2,2
low_snow,7072,1,0,0,1,0.999976277,0.000101921,1.46E-05,0.999935389,1,0,0,1,1,2,2
low_snow,7074,1,0,0,1,0.999979615,0.000263577,1.08E-05,0.999952078,1,0,0,1,1,2,2
low_snow,7077,1,0,0,1,0.999984503,0.008704189,1.68E-05,0.99994123,1,0,0,1,1,2,2
low_snow,7078,1,0,0,1,0.99998939,3.95E-05,1.00E-05,0.999945879,1,0,0,1,1,2,2
low_snow,7080,1,0,0,1,0.999930382,0.00086172,2.84E-05,0.999916315,1,0,0,1,1,2,2
low_snow,7083,1,0,0,1,0.99998498,0.000208342,1.11E-05,0.999963164,1,0,0,1,1,2,2
low_snow,7086,1,0,0,1,0.999988198,0.000479581,5.16E-06,0.999971747,1,0,0,1,1,2,2
low_snow,7087,1,0,0,1,0.999970675,9.96E-05,6.71E-06,0.999746144,1,0,0,1,1,2,2
low_snow,7090,1,0,0,1,0.999987245,0.000178936,1.01E-05,0.999972224,1,0,0,1,1,2,2
low_snow,7096,1,0,0,1,0.999981999,0.0003501,2.12E-05,0.99991858,1,0,0,1,1,2,2
low_snow,7186,1,0,0,1,0.999985576,0.000774383,1.07E-05,0.999967098,1,0,0,1,1,2,2
low_snow,7189,1,0,0,1,0.999987721,3.61E-05,5.32E-06,0.999959111,1,0,0,1,1,2,2
low_snow,7207,1,0,0,1,0.999973655,0.001219825,1.98E-05,0.9998492,1,0,0,1,1,2,2
low_snow,7214,1,0,0,1,0.999976516,0.0005299,1.92E-05,0.999955773,1,0,0,1,1,2,2
low_snow,7227,1,0,0,1,0.999985695,2.59E-05,4.93E-06,0.999959946,1,0,0,1,1,2,2
low_snow,7229,1,0,0,1,0.999960303,0.000676484,1.18E-05,0.999964833,1,0,0,1,1,2,2
low_snow,7234,1,0,0,1,0.99998343,0.006639106,1.38E-05,0.999945521,1,0,0,1,1,2,2
low_snow,7235,1,0,0,1,0.999972463,0.000487598,1.11E-05,0.999963641,1,0,0,1,1,2,2
low_snow,7236,1,0,0,1,0.999973893,0.000490154,2.06E-05,0.999895215,1,0,0,1,1,2,2
low_snow,7246,1,0,0,1,0.999968529,0.002491188,1.80E-05,0.999916196,1,0,0,1,1,2,2
low_snow,7251,1,0,0,1,0.999978304,9.68E-05,8.67E-06,0.999966145,1,0,0,1,1,2,2
haze_rain,2,0,1,1,0,0.441527814,0.999096394,0.999228239,0.000143136,0,1,1,0,1,2,2
haze_rain,8,0,1,1,0,0.30406177,0.998458028,0.990878284,0.000575686,0,1,1,0,1,2,2
haze_rain,10,0,1,1,0,0.210606799,0.945448935,0.999047101,0.000254597,0,1,1,0,1,2,2
haze_rain,13,0,1,1,0,0.292384416,0.967885315,0.999555051,0.000131401,0,1,1,0,1,2,2
haze_rain,18,0,1,1,0,0.1998083,0.991857827,0.996587634,0.000565001,0,1,1,0,1,2,2
haze_rain,21,0,1,1,0,0.27575478,0.984096766,0.99958235,0.00010869,0,1,1,0,1,2,2
haze_rain,24,0,1,1,0,0.301903367,0.998404682,0.999695063,7.79E-05,0,1,1,0,1,2,2
haze_rain,28,0,1,1,0,0.209846601,0.995116949,0.986297607,0.001602193,0,1,1,0,1,2,2
haze_rain,32,0,1,1,0,0.36350885,0.984060287,0.998040378,0.000333716,0,1,1,0,1,2,2
haze_rain,44,0,1,1,0,0.343405068,0.999457777,0.998754263,0.00014741,0,1,1,0,1,2,2
haze_rain,54,0,1,1,0,0.287719071,0.99922502,0.999755681,6.87E-05,0,1,1,0,1,2,2
haze_rain,55,0,1,1,0,0.399346471,0.986777782,0.999416471,0.000113407,0,1,1,0,1,2,2
haze_rain,58,0,1,1,0,0.300983012,0.998599827,0.998168111,0.000272766,0,1,1,0,1,2,2
haze_rain,60,0,1,1,0,0.337992042,0.997470975,0.99940002,0.000123289,0,1,1,0,1,2,2
haze_rain,62,0,1,1,0,0.345636785,0.991770387,0.999362409,0.000128662,0,1,1,0,1,2,2
haze_rain,67,0,1,1,0,0.242511377,0.645750701,0.999513268,0.000130063,0,1,1,0,1,2,2
haze_rain,71,0,1,1,0,0.185877427,0.990444958,0.999152422,0.000245955,0,1,1,0,1,2,2
haze_rain,72,0,1,1,0,0.403670847,0.999797165,0.99542135,0.000191712,0,1,1,0,1,2,2
haze_rain,74,0,1,1,0,0.315961242,0.999460638,0.999613702,8.15E-05,0,1,1,0,1,2,2
haze_rain,75,0,1,1,0,0.389501125,0.99580884,0.999360263,0.000132462,0,1,1,0,1,2,2
haze_rain,81,0,1,1,0,0.207833976,0.93085587,0.999360859,0.000179163,0,1,1,0,1,2,2
haze_rain,88,0,1,1,0,0.272548437,0.976693809,0.999542117,0.000119784,0,1,1,0,1,2,2
haze_rain,93,0,1,1,0,0.551958084,0.998749733,0.999330044,0.000103553,1,1,1,0,0,2,3
haze_rain,95,0,1,1,0,0.310675502,0.999358714,0.999435961,0.000115432,0,1,1,0,1,2,2
haze_rain,96,0,1,1,0,0.389503598,0.851486325,0.99924612,0.000164369,0,1,1,0,1,2,2
haze_rain,102,0,1,1,0,0.292399287,0.999302506,0.997243285,0.000792429,0,1,1,0,1,2,2
haze_rain,111,0,1,1,0,0.407770813,0.999158502,0.999458134,8.88E-05,0,1,1,0,1,2,2
haze_rain,115,0,1,1,0,0.217679963,0.998478591,0.99796778,0.000323799,0,1,1,0,1,2,2
haze_rain,121,0,1,1,0,0.328031927,0.999020576,0.998828113,0.000159334,0,1,1,0,1,2,2
haze_rain,124,0,1,1,0,0.358581483,0.992123902,0.999091029,0.000184683,0,1,1,0,1,2,2
haze_rain,125,0,1,1,0,0.370285451,0.989406168,0.999281228,0.00014096,0,1,1,0,1,2,2
haze_rain,128,0,1,1,0,0.307654917,0.97946769,0.999468267,9.75E-05,0,1,1,0,1,2,2
haze_rain,131,0,1,1,0,0.304166138,0.989390671,0.998938501,0.000204839,0,1,1,0,1,2,2
haze_rain,135,0,1,1,0,0.465452284,0.998611689,0.999127328,0.000143114,0,1,1,0,1,2,2
haze_rain,140,0,1,1,0,0.351761162,0.993206859,0.99974066,7.52E-05,0,1,1,0,1,2,2
haze_rain,143,0,1,1,0,0.357652009,0.997854769,0.999813139,5.52E-05,0,1,1,0,1,2,2
haze_rain,145,0,1,1,0,0.17892842,0.999395728,0.89636147,0.002283381,0,1,1,0,1,2,2
haze_rain,146,0,1,1,0,0.381565243,0.901500881,0.999324918,0.000156368,0,1,1,0,1,2,2
haze_rain,151,0,1,1,0,0.331568778,0.997945964,0.998538375,0.000224988,0,1,1,0,1,2,2
haze_rain,156,0,1,1,0,0.341344565,0.998402178,0.999098778,0.000140766,0,1,1,0,1,2,2
haze_rain,157,0,1,1,0,0.261993259,0.999579847,0.892680049,0.002121974,0,1,1,0,1,2,2
haze_rain,173,0,1,1,0,0.151450679,0.975990176,0.99940896,0.000159199,0,1,1,0,1,2,2
haze_rain,181,0,1,1,0,0.253231138,0.982495546,0.999256551,0.000197278,0,1,1,0,1,2,2
haze_rain,191,0,1,1,0,0.270653874,0.787278175,0.999366105,0.000151095,0,1,1,0,1,2,2
haze_rain,205,0,1,1,0,0.362775475,0.986609638,0.999052823,0.000188596,0,1,1,0,1,2,2
haze_rain,208,0,1,1,0,0.33930245,0.999332249,0.999460876,0.000100181,0,1,1,0,1,2,2
haze_rain,213,0,1,1,0,0.213080719,0.995871723,0.998144388,0.000252427,0,1,1,0,1,2,2
haze_rain,218,0,1,1,0,0.226352349,0.724153221,0.999357879,0.000183755,0,1,1,0,1,2,2
haze_rain,221,0,1,1,0,0.374757499,0.989487886,0.999521375,0.000100391,0,1,1,0,1,2,2
haze_rain,222,0,1,1,0,0.128699809,0.293080688,0.999638677,0.000127146,0,0,1,0,0,2,1
haze_rain,226,0,1,1,0,0.281013995,0.996176004,0.995950103,0.000539153,0,1,1,0,1,2,2
haze_rain,231,0,1,1,0,0.206344113,0.833547592,0.999015927,0.000234304,0,1,1,0,1,2,2
haze_rain,321,0,1,1,0,0.432217389,0.999583185,0.999619484,7.44E-05,0,1,1,0,1,2,2
haze_rain,337,0,1,1,0,0.369368732,0.998327792,0.999608099,9.31E-05,0,1,1,0,1,2,2
haze_rain,339,0,1,1,0,0.37258631,0.999742091,0.999060333,0.000151496,0,1,1,0,1,2,2
haze_rain,343,0,1,1,0,0.265458614,0.973460078,0.999217272,0.000166907,0,1,1,0,1,2,2
haze_rain,344,0,1,1,0,0.263787746,0.890557468,0.994629204,0.000830298,0,1,1,0,1,2,2
haze_rain,347,0,1,1,0,0.461562067,0.999126017,0.999884367,3.20E-05,0,1,1,0,1,2,2
haze_rain,357,0,1,1,0,0.274945915,0.922630906,0.999446571,0.000123393,0,1,1,0,1,2,2
haze_rain,359,0,1,1,0,0.080950007,0.984261632,0.997092128,0.00075777,0,1,1,0,1,2,2
haze_rain,360,0,1,1,0,0.589522898,0.999354541,0.99943763,6.17E-05,1,1,1,0,0,2,3
haze_rain,364,0,1,1,0,0.37280336,0.993449152,0.999706209,7.14E-05,0,1,1,0,1,2,2
haze_rain,366,0,1,1,0,0.483119905,0.999168873,0.998898149,0.000146029,0,1,1,0,1,2,2
haze_rain,370,0,1,1,0,0.269056678,0.978778541,0.998183072,0.000437391,0,1,1,0,1,2,2
haze_rain,371,0,1,1,0,0.228189737,0.975672305,0.998095691,0.000290604,0,1,1,0,1,2,2
haze_rain,372,0,1,1,0,0.274625927,0.99845922,0.999492884,0.000106775,0,1,1,0,1,2,2
haze_rain,374,0,1,1,0,0.336941659,0.988605201,0.998147488,0.000242897,0,1,1,0,1,2,2
haze_rain,376,0,1,1,0,0.160592705,0.994847298,0.998309851,0.000341227,0,1,1,0,1,2,2
haze_rain,400,0,1,1,0,0.447915673,0.944020748,0.999470055,0.000115495,0,1,1,0,1,2,2
haze_rain,421,0,1,1,0,0.311929196,0.999174654,0.994131148,0.000657847,0,1,1,0,1,2,2
haze_rain,422,0,1,1,0,0.238330767,0.996074677,0.998907328,0.000249922,0,1,1,0,1,2,2
haze_rain,431,0,1,1,0,0.423648059,0.98768127,0.999682784,8.77E-05,0,1,1,0,1,2,2
haze_rain,432,0,1,1,0,0.210082754,0.920661151,0.99933809,0.000146279,0,1,1,0,1,2,2
haze_rain,448,0,1,1,0,0.295055389,0.363030195,0.999663115,9.62E-05,0,0,1,0,0,2,1
haze_rain,468,0,1,1,0,0.380523533,0.998363554,0.997720301,0.00025053,0,1,1,0,1,2,2
haze_rain,469,0,1,1,0,0.364910781,0.973961174,0.999034882,0.000205937,0,1,1,0,1,2,2
haze_rain,471,0,1,1,0,0.269689292,0.965834439,0.999172509,0.000194142,0,1,1,0,1,2,2
haze_rain,473,0,1,1,0,0.362226367,0.992061257,0.999056756,0.000184357,0,1,1,0,1,2,2
haze_rain,475,0,1,1,0,0.197506785,0.993531048,0.999483347,0.000151286,0,1,1,0,1,2,2
haze_rain,480,0,1,1,0,0.185274065,0.912519872,0.999222636,0.000227983,0,1,1,0,1,2,2
haze_rain,484,0,1,1,0,0.229138985,0.979438066,0.999184191,0.000175187,0,1,1,0,1,2,2
haze_rain,492,0,1,1,0,0.476977438,0.96056968,0.999737799,7.10E-05,0,1,1,0,1,2,2
haze_rain,493,0,1,1,0,0.384479195,0.999669552,0.995409548,0.00019846,0,1,1,0,1,2,2
haze_rain,498,0,1,1,0,0.206755698,0.969843626,0.999295473,0.00016302,0,1,1,0,1,2,2
haze_rain,503,0,1,1,0,0.437032819,0.999004185,0.999699235,5.98E-05,0,1,1,0,1,2,2
haze_rain,509,0,1,1,0,0.333082587,0.963319778,0.999440849,0.000144301,0,1,1,0,1,2,2
haze_rain,556,0,1,1,0,0.303407133,0.99872607,0.999404669,0.000178579,0,1,1,0,1,2,2
haze_rain,582,0,1,1,0,0.255750149,0.977200627,0.999337971,0.000176271,0,1,1,0,1,2,2
haze_rain,605,0,1,1,0,0.426805079,0.995351791,0.995271623,0.000285019,0,1,1,0,1,2,2
haze_rain,614,0,1,1,0,0.21564652,0.997733474,0.999631405,0.000110104,0,1,1,0,1,2,2
haze_rain,617,0,1,1,0,0.39671275,0.99712795,0.999209285,9.65E-05,0,1,1,0,1,2,2
haze_rain,645,0,1,1,0,0.324581981,0.998155057,0.999451101,0.000126846,0,1,1,0,1,2,2
haze_rain,648,0,1,1,0,0.070912115,0.998430431,0.991342664,0.000926476,0,1,1,0,1,2,2
haze_rain,652,0,1,1,0,0.437213182,0.989443541,0.999692321,8.42E-05,0,1,1,0,1,2,2
haze_rain,657,0,1,1,0,0.282470018,0.999208987,0.999617934,9.71E-05,0,1,1,0,1,2,2
haze_rain,659,0,1,1,0,0.140773743,0.994988739,0.999234676,0.000161444,0,1,1,0,1,2,2
haze_rain,668,0,1,1,0,0.219432488,0.99961096,0.994135499,0.000403421,0,1,1,0,1,2,2
haze_rain,673,0,1,1,0,0.128777102,0.999927878,0.99889046,8.51E-05,0,1,1,0,1,2,2
haze_rain,693,0,1,1,0,0.360458404,0.822128654,0.999719679,7.71E-05,0,1,1,0,1,2,2
haze_rain,710,0,1,1,0,0.338349372,0.993718982,0.988538921,0.000850114,0,1,1,0,1,2,2
haze_rain,714,0,1,1,0,0.096267492,0.999766171,0.99922359,0.000100266,0,1,1,0,1,2,2
haze_rain,730,0,1,1,0,0.121973068,0.99946481,0.985640049,0.001778752,0,1,1,0,1,2,2
haze_rain,747,0,1,1,0,0.477363318,0.988781333,0.999683738,7.68E-05,0,1,1,0,1,2,2
haze_rain,850,0,1,1,0,0.241668716,0.99801445,0.996549129,0.00067333,0,1,1,0,1,2,2
haze_rain,864,0,1,1,0,0.38908428,0.997070313,0.999498963,0.00013172,0,1,1,0,1,2,2
haze_rain,866,0,1,1,0,0.35549584,0.995393634,0.999608576,9.78E-05,0,1,1,0,1,2,2
haze_rain,876,0,1,1,0,0.263678193,0.949382842,0.999517918,0.000118711,0,1,1,0,1,2,2
haze_rain,890,0,1,1,0,0.309934288,0.974510074,0.999031425,0.00017865,0,1,1,0,1,2,2
haze_rain,893,0,1,1,0,0.146791875,0.997879863,0.999317288,0.000146516,0,1,1,0,1,2,2
haze_rain,906,0,1,1,0,0.186258838,0.996006072,0.999610364,9.65E-05,0,1,1,0,1,2,2
haze_rain,915,0,1,1,0,0.370528877,0.997202992,0.999371707,0.000138451,0,1,1,0,1,2,2
haze_rain,917,0,1,1,0,0.346415311,0.998069227,0.999234438,0.0001173,0,1,1,0,1,2,2
haze_rain,919,0,1,1,0,0.360640705,0.997594535,0.999548376,0.000116171,0,1,1,0,1,2,2
haze_rain,922,0,1,1,0,0.109958015,0.970012605,0.998547852,0.00030364,0,1,1,0,1,2,2
haze_rain,923,0,1,1,0,0.456536561,0.999218106,0.999776423,5.51E-05,0,1,1,0,1,2,2
haze_rain,943,0,1,1,0,0.349118322,0.998296559,0.998925388,0.000154474,0,1,1,0,1,2,2
haze_rain,964,0,1,1,0,0.204379022,0.997812748,0.986739755,0.001056615,0,1,1,0,1,2,2
haze_rain,974,0,1,1,0,0.123216808,0.957543015,0.999328971,0.000148216,0,1,1,0,1,2,2
haze_rain,977,0,1,1,0,0.15092431,0.921551228,0.997783959,0.000459298,0,1,1,0,1,2,2
haze_rain,986,0,1,1,0,0.338890105,0.997069955,0.998589456,0.000215252,0,1,1,0,1,2,2
haze_rain,994,0,1,1,0,0.087541558,0.999484777,0.999238372,0.000102279,0,1,1,0,1,2,2
haze_rain,1039,0,1,1,0,0.354635447,0.997330546,0.998181701,0.000236914,0,1,1,0,1,2,2
haze_rain,1105,0,1,1,0,0.209474891,0.996250927,0.99627316,0.000495653,0,1,1,0,1,2,2
haze_rain,1148,0,1,1,0,0.038049664,0.916662931,0.999242783,0.00014568,0,1,1,0,1,2,2
haze_rain,1218,0,1,1,0,0.189323694,0.994883835,0.998010814,0.000418366,0,1,1,0,1,2,2
haze_rain,1244,0,1,1,0,0.21310389,0.98153013,0.999600232,0.000123531,0,1,1,0,1,2,2
haze_rain,1402,0,1,1,0,0.444964617,0.997205675,0.999085784,0.000241225,0,1,1,0,1,2,2
haze_rain,1792,0,1,1,0,0.290137708,0.997968256,0.999398828,0.000104406,0,1,1,0,1,2,2
haze_rain,1970,0,1,1,0,0.330881,0.998982728,0.999159813,0.000198453,0,1,1,0,1,2,2
haze_rain,2155,0,1,1,0,0.404906094,0.995799243,0.999404907,0.00010444,0,1,1,0,1,2,2
haze_rain,2172,0,1,1,0,0.202959687,0.978509367,0.999409199,0.000154135,0,1,1,0,1,2,2
haze_rain,2322,0,1,1,0,0.197487056,0.991912365,0.999138117,0.000168165,0,1,1,0,1,2,2
haze_rain,2331,0,1,1,0,0.383525759,0.999856114,0.997168124,0.000194674,0,1,1,0,1,2,2
haze_rain,2335,0,1,1,0,0.402277976,0.997186959,0.999506593,8.71E-05,0,1,1,0,1,2,2
haze_rain,2421,0,1,1,0,0.413058877,0.99981457,0.999106705,9.66E-05,0,1,1,0,1,2,2
haze_rain,2430,0,1,1,0,0.314506382,0.999125063,0.999347866,0.00010025,0,1,1,0,1,2,2
haze_rain,2441,0,1,1,0,0.181654766,0.989402413,0.999324322,0.000193523,0,1,1,0,1,2,2
haze_rain,2459,0,1,1,0,0.350453198,0.998602211,0.999749959,6.98E-05,0,1,1,0,1,2,2
haze_rain,2467,0,1,1,0,0.257802695,0.973246157,0.999547541,0.000120227,0,1,1,0,1,2,2
haze_rain,2521,0,1,1,0,0.24308306,0.998965263,0.999290228,0.000113979,0,1,1,0,1,2,2
haze_rain,2542,0,1,1,0,0.36404705,0.993921041,0.999135554,0.0001834,0,1,1,0,1,2,2
haze_rain,2559,0,1,1,0,0.22232385,0.998006403,0.999659061,0.000101042,0,1,1,0,1,2,2
haze_rain,2564,0,1,1,0,0.124366678,0.985865593,0.999427974,0.000138543,0,1,1,0,1,2,2
haze_rain,2566,0,1,1,0,0.233385563,0.994400918,0.999025345,0.000262574,0,1,1,0,1,2,2
haze_rain,2569,0,1,1,0,0.180687323,0.988637269,0.995951295,0.000858107,0,1,1,0,1,2,2
haze_rain,2602,0,1,1,0,0.286082387,0.940838873,0.998987496,0.000211442,0,1,1,0,1,2,2
haze_rain,2782,0,1,1,0,0.294780672,0.751031816,0.999185503,0.000216992,0,1,1,0,1,2,2
haze_rain,2958,0,1,1,0,0.249103501,0.997140169,0.999164701,0.000175738,0,1,1,0,1,2,2
haze_rain,3028,0,1,1,0,0.1815916,0.984377146,0.998949349,0.000229696,0,1,1,0,1,2,2
haze_rain,3089,0,1,1,0,0.182292387,0.966055632,0.999248445,0.000133064,0,1,1,0,1,2,2
haze_rain,3143,0,1,1,0,0.470210075,0.998690665,0.999639034,8.03E-05,0,1,1,0,1,2,2
haze_rain,3248,0,1,1,0,0.425781012,0.998985231,0.999539018,0.000114182,0,1,1,0,1,2,2
haze_rain,3266,0,1,1,0,0.321961433,0.996262729,0.999702275,0.000100862,0,1,1,0,1,2,2
haze_rain,3278,0,1,1,0,0.426437795,0.998530746,0.99972564,6.88E-05,0,1,1,0,1,2,2
haze_rain,3516,0,1,1,0,0.203331441,0.986890733,0.999000132,0.000268914,0,1,1,0,1,2,2
haze_rain,3826,0,1,1,0,0.536020339,0.993788302,0.999043047,8.91E-05,1,1,1,0,0,2,3
haze_rain,4073,0,1,1,0,0.289092392,0.990357697,0.999645352,9.33E-05,0,1,1,0,1,2,2
haze_rain,4105,0,1,1,0,0.338048697,0.92437613,0.999625206,0.000104203,0,1,1,0,1,2,2
haze_rain,4138,0,1,1,0,0.163822457,0.983291566,0.999552429,0.000137958,0,1,1,0,1,2,2
haze_rain,4181,0,1,1,0,0.30272761,0.999587953,0.997355819,0.000290313,0,1,1,0,1,2,2
haze_rain,4435,0,1,1,0,0.304256529,0.992773771,0.999068677,0.000195405,0,1,1,0,1,2,2
haze_rain,4519,0,1,1,0,0.186987773,0.73659867,0.999311566,0.000166594,0,1,1,0,1,2,2
haze_rain,4534,0,1,1,0,0.524699926,0.99697566,0.998655558,9.88E-05,1,1,1,0,0,2,3
haze_rain,4566,0,1,1,0,0.248890549,0.999101043,0.999097586,0.000148315,0,1,1,0,1,2,2
haze_rain,4622,0,1,1,0,0.460820615,0.964232862,0.998641908,0.000212806,0,1,1,0,1,2,2
haze_rain,4647,0,1,1,0,0.389908612,0.94876647,0.999268353,0.000203663,0,1,1,0,1,2,2
haze_rain,6941,0,1,1,0,0.132705912,0.992867827,0.998654485,0.000226151,0,1,1,0,1,2,2
haze_rain,6942,0,1,1,0,0.157884479,0.946025848,0.98844403,0.002479242,0,1,1,0,1,2,2
haze_rain,6945,0,1,1,0,0.347020596,0.999143362,0.99927932,0.000118103,0,1,1,0,1,2,2
haze_rain,6946,0,1,1,0,0.251398861,0.980268538,0.988601029,0.002288159,0,1,1,0,1,2,2
haze_rain,6951,0,1,1,0,0.154051676,0.981392562,0.999229193,0.000265019,0,1,1,0,1,2,2
haze_rain,6955,0,1,1,0,0.22296977,0.996538162,0.99965632,8.52E-05,0,1,1,0,1,2,2
haze_rain,6963,0,1,1,0,0.318232328,0.950619221,0.99879396,0.00033569,0,1,1,0,1,2,2
haze_rain,6968,0,1,1,0,0.166765437,0.967374444,0.999277055,0.000205735,0,1,1,0,1,2,2
haze_rain,6975,0,1,1,0,0.206544176,0.999232531,0.972132385,0.0006617,0,1,1,0,1,2,2
haze_rain,6978,0,1,1,0,0.316461205,0.998946369,0.998102367,0.000371311,0,1,1,0,1,2,2
haze_rain,6986,0,1,1,0,0.348911256,0.9653036,0.999079943,0.00024269,0,1,1,0,1,2,2
haze_rain,6988,0,1,1,0,0.255959958,0.844330192,0.999269307,0.000216202,0,1,1,0,1,2,2
haze_rain,7067,0,1,1,0,0.289923698,0.981763422,0.999553144,0.000135582,0,1,1,0,1,2,2
haze_rain,7072,0,1,1,0,0.286734104,0.886643052,0.998982608,0.00030869,0,1,1,0,1,2,2
haze_rain,7074,0,1,1,0,0.328122109,0.998657584,0.999537349,9.38E-05,0,1,1,0,1,2,2
haze_rain,7077,0,1,1,0,0.34451443,0.99910742,0.999677777,7.71E-05,0,1,1,0,1,2,2
haze_rain,7078,0,1,1,0,0.163712859,0.997058749,0.995452225,0.000755708,0,1,1,0,1,2,2
haze_rain,7080,0,1,1,0,0.19285664,0.996999383,0.998780906,0.000223926,0,1,1,0,1,2,2
haze_rain,7083,0,1,1,0,0.322305083,0.998582721,0.999415755,9.17E-05,0,1,1,0,1,2,2
haze_rain,7086,0,1,1,0,0.488413304,0.986709297,0.999386311,0.000112199,0,1,1,0,1,2,2
haze_rain,7087,0,1,1,0,0.3757267,0.999079347,0.999147296,0.000139077,0,1,1,0,1,2,2
haze_rain,7090,0,1,1,0,0.412240386,0.978467345,0.999650955,7.84E-05,0,1,1,0,1,2,2
haze_rain,7096,0,1,1,0,0.191952929,0.985346437,0.999307275,0.000164287,0,1,1,0,1,2,2
haze_rain,7186,0,1,1,0,0.182083845,0.899967015,0.998312473,0.000383225,0,1,1,0,1,2,2
haze_rain,7189,0,1,1,0,0.335803539,0.979222536,0.999454558,0.000120832,0,1,1,0,1,2,2
haze_rain,7207,0,1,1,0,0.202831253,0.770886779,0.999444067,0.000136816,0,1,1,0,1,2,2
haze_rain,7214,0,1,1,0,0.327315539,0.981036663,0.999228597,0.000139313,0,1,1,0,1,2,2
haze_rain,7227,0,1,1,0,0.440337539,0.995173156,0.997824311,0.000229137,0,1,1,0,1,2,2
haze_rain,7229,0,1,1,0,0.261780471,0.999412656,0.998957276,0.000165634,0,1,1,0,1,2,2
haze_rain,7234,0,1,1,0,0.238651663,0.996974587,0.999347031,0.000178768,0,1,1,0,1,2,2
haze_rain,7235,0,1,1,0,0.391993642,0.998816729,0.999747574,7.62E-05,0,1,1,0,1,2,2
haze_rain,7236,0,1,1,0,0.362379968,0.999736845,0.996145844,0.000181001,0,1,1,0,1,2,2
haze_rain,7246,0,1,1,0,0.185018808,0.979553342,0.999338806,0.000172699,0,1,1,0,1,2,2
haze_rain,7251,0,1,1,0,0.390356779,0.995375097,0.999715388,8.38E-05,0,1,1,0,1,2,2
haze_snow,2,0,1,0,1,0.402181953,0.996129155,0.000132366,0.998569369,0,1,0,1,1,2,2
haze_snow,8,0,1,0,1,0.202004552,0.988638222,5.47E-05,0.999765694,0,1,0,1,1,2,2
haze_snow,10,0,1,0,1,0.217838049,0.932385206,0.000199082,0.99893564,0,1,0,1,1,2,2
haze_snow,13,0,1,0,1,0.286053717,0.99506098,4.90E-05,0.999699712,0,1,0,1,1,2,2
haze_snow,18,0,1,0,1,0.226126611,0.993662596,2.62E-05,0.999879122,0,1,0,1,1,2,2
haze_snow,21,0,1,0,1,0.533685267,0.994317114,1.63E-05,0.999948382,1,1,0,1,0,2,3
haze_snow,24,0,1,0,1,0.208517015,0.988849819,4.66E-05,0.999786675,0,1,0,1,1,2,2
haze_snow,28,0,1,0,1,0.104463115,0.995234311,0.000131496,0.998775065,0,1,0,1,1,2,2
haze_snow,32,0,1,0,1,0.249422759,0.992124259,0.000145969,0.998505354,0,1,0,1,1,2,2
haze_snow,44,0,1,0,1,0.308676183,0.997239351,2.26E-05,0.999889135,0,1,0,1,1,2,2
haze_snow,54,0,1,0,1,0.307294399,0.998316288,2.41E-05,0.999861479,0,1,0,1,1,2,2
haze_snow,55,0,1,0,1,0.326776177,0.989140987,5.44E-05,0.998908281,0,1,0,1,1,2,2
haze_snow,58,0,1,0,1,0.222287804,0.997583032,9.03E-05,0.99908483,0,1,0,1,1,2,2
haze_snow,60,0,1,0,1,0.397405863,0.998106122,2.03E-05,0.999910235,0,1,0,1,1,2,2
haze_snow,62,0,1,0,1,0.231272012,0.989990473,6.29E-05,0.999071836,0,1,0,1,1,2,2
haze_snow,67,0,1,0,1,0.346863747,0.899555743,3.49E-05,0.999906063,0,1,0,1,1,2,2
haze_snow,71,0,1,0,1,0.180608377,0.995555341,0.000193896,0.998077393,0,1,0,1,1,2,2
haze_snow,72,0,1,0,1,0.424400687,0.996746063,1.76E-05,0.999936223,0,1,0,1,1,2,2
haze_snow,74,0,1,0,1,0.394187212,0.968549907,2.57E-05,0.999898195,0,1,0,1,1,2,2
haze_snow,75,0,1,0,1,0.349178016,0.988531709,4.85E-05,0.999725401,0,1,0,1,1,2,2
haze_snow,81,0,1,0,1,0.136960626,0.981118917,0.00013344,0.998838961,0,1,0,1,1,2,2
haze_snow,88,0,1,0,1,0.184747249,0.995873749,7.95E-05,0.999256074,0,1,0,1,1,2,2
haze_snow,93,0,1,0,1,0.541283965,0.997960806,2.66E-05,0.99972707,1,1,0,1,0,2,3
haze_snow,95,0,1,0,1,0.247633129,0.997027338,9.77E-05,0.998452902,0,1,0,1,1,2,2
haze_snow,96,0,1,0,1,0.298309505,0.545550704,4.61E-05,0.999865055,0,1,0,1,1,2,2
haze_snow,102,0,1,0,1,0.258889347,0.993455708,0.001322574,0.969364285,0,1,0,1,1,2,2
haze_snow,111,0,1,0,1,0.179173708,0.988823354,0.000175062,0.99677211,0,1,0,1,1,2,2
haze_snow,115,0,1,0,1,0.189617932,0.991688788,0.000116806,0.997621477,0,1,0,1,1,2,2
haze_snow,121,0,1,0,1,0.327240676,0.996349931,3.15E-05,0.999834657,0,1,0,1,1,2,2
haze_snow,124,0,1,0,1,0.354645699,0.995208323,4.41E-05,0.999795973,0,1,0,1,1,2,2
haze_snow,125,0,1,0,1,0.377000988,0.995836973,0.000104845,0.997794151,0,1,0,1,1,2,2
haze_snow,128,0,1,0,1,0.332441002,0.994678497,5.27E-05,0.999509096,0,1,0,1,1,2,2
haze_snow,131,0,1,0,1,0.294894069,0.996215403,5.71E-05,0.999662519,0,1,0,1,1,2,2
haze_snow,135,0,1,0,1,0.371432781,0.99593097,3.72E-05,0.999660492,0,1,0,1,1,2,2
haze_snow,140,0,1,0,1,0.252227724,0.992132008,6.51E-05,0.999200881,0,1,0,1,1,2,2
haze_snow,143,0,1,0,1,0.376329064,0.998337984,2.57E-05,0.999744236,0,1,0,1,1,2,2
haze_snow,145,0,1,0,1,0.172088802,0.996848762,0.000249611,0.99752444,0,1,0,1,1,2,2
haze_snow,146,0,1,0,1,0.394430667,0.997614145,3.37E-05,0.99973768,0,1,0,1,1,2,2
haze_snow,151,0,1,0,1,0.268193811,0.995561481,7.23E-05,0.999301553,0,1,0,1,1,2,2
haze_snow,156,0,1,0,1,0.373656541,0.994872868,2.36E-05,0.999912977,0,1,0,1,1,2,2
haze_snow,157,0,1,0,1,0.198226169,0.991555274,0.000101877,0.998868644,0,1,0,1,1,2,2
haze_snow,173,0,1,0,1,0.121662445,0.994583786,0.000259238,0.996118069,0,1,0,1,1,2,2
haze_snow,181,0,1,0,1,0.246295065,0.996636152,6.66E-05,0.999576032,0,1,0,1,1,2,2
haze_snow,191,0,1,0,1,0.179785281,0.994931638,4.79E-05,0.999683022,0,1,0,1,1,2,2
haze_snow,205,0,1,0,1,0.244727254,0.995612741,0.000129884,0.998277545,0,1,0,1,1,2,2
haze_snow,208,0,1,0,1,0.320391625,0.993492663,3.36E-05,0.99986887,0,1,0,1,1,2,2
haze_snow,213,0,1,0,1,0.284647256,0.98067677,0.000106696,0.999382257,0,1,0,1,1,2,2
haze_snow,218,0,1,0,1,0.349663287,0.997051716,3.88E-05,0.999798715,0,1,0,1,1,2,2
haze_snow,221,0,1,0,1,0.452585459,0.992241621,2.84E-05,0.999903321,0,1,0,1,1,2,2
haze_snow,222,0,1,0,1,0.332712233,0.966518462,7.56E-05,0.999412417,0,1,0,1,1,2,2
haze_snow,226,0,1,0,1,0.146905467,0.99432981,4.79E-05,0.999658704,0,1,0,1,1,2,2
haze_snow,231,0,1,0,1,0.146502391,0.926554143,6.99E-05,0.999727786,0,1,0,1,1,2,2
haze_snow,321,0,1,0,1,0.372668177,0.996771395,1.83E-05,0.999937057,0,1,0,1,1,2,2
haze_snow,337,0,1,0,1,0.391493291,0.997291625,1.73E-05,0.999940395,0,1,0,1,1,2,2
haze_snow,339,0,1,0,1,0.358934164,0.996361196,3.81E-05,0.999821961,0,1,0,1,1,2,2
haze_snow,343,0,1,0,1,0.259772688,0.994547784,4.42E-05,0.999783099,0,1,0,1,1,2,2
haze_snow,344,0,1,0,1,0.149816751,0.891910315,0.000374433,0.99670285,0,1,0,1,1,2,2
haze_snow,347,0,1,0,1,0.532883823,0.997272432,8.78E-06,0.999969363,1,1,0,1,0,2,3
haze_snow,357,0,1,0,1,0.353776544,0.984815001,3.37E-05,0.999892116,0,1,0,1,1,2,2
haze_snow,359,0,1,0,1,0.089203395,0.996142328,0.000375317,0.994774163,0,1,0,1,1,2,2
haze_snow,360,0,1,0,1,0.506987929,0.998850465,1.26E-05,0.999939799,1,1,0,1,0,2,3
haze_snow,364,0,1,0,1,0.253246039,0.994840801,0.000126024,0.997481287,0,1,0,1,1,2,2
haze_snow,366,0,1,0,1,0.459329814,0.989746928,3.03E-05,0.999905825,0,1,0,1,1,2,2
haze_snow,370,0,1,0,1,0.235073224,0.99790132,9.03E-05,0.999335825,0,1,0,1,1,2,2
haze_snow,371,0,1,0,1,0.234966174,0.981627882,0.000294899,0.988054216,0,1,0,1,1,2,2
haze_snow,372,0,1,0,1,0.259422988,0.998354197,3.29E-05,0.999646187,0,1,0,1,1,2,2
haze_snow,374,0,1,0,1,0.390484273,0.985704184,4.06E-05,0.999875784,0,1,0,1,1,2,2
haze_snow,376,0,1,0,1,0.161647037,0.99017489,0.000134118,0.999237537,0,1,0,1,1,2,2
haze_snow,400,0,1,0,1,0.290380716,0.990466774,3.08E-05,0.99985373,0,1,0,1,1,2,2
haze_snow,421,0,1,0,1,0.165901124,0.993025303,0.000384201,0.991815031,0,1,0,1,1,2,2
haze_snow,422,0,1,0,1,0.211564407,0.997063339,7.53E-05,0.999172211,0,1,0,1,1,2,2
haze_snow,431,0,1,0,1,0.501329422,0.992874622,1.62E-05,0.999946356,1,1,0,1,0,2,3
haze_snow,432,0,1,0,1,0.181020364,0.99729687,8.17E-05,0.998782933,0,1,0,1,1,2,2
haze_snow,448,0,1,0,1,0.33364594,0.98465997,7.04E-05,0.998823702,0,1,0,1,1,2,2
haze_snow,468,0,1,0,1,0.315643787,0.993100524,6.72E-05,0.999723613,0,1,0,1,1,2,2
haze_snow,469,0,1,0,1,0.492539704,0.995516241,2.97E-05,0.999876022,0,1,0,1,1,2,2
haze_snow,471,0,1,0,1,0.224195659,0.997128665,0.000121359,0.993941545,0,1,0,1,1,2,2
haze_snow,473,0,1,0,1,0.281371236,0.911337972,0.000101099,0.999607742,0,1,0,1,1,2,2
haze_snow,475,0,1,0,1,0.276210546,0.9959234,7.87E-05,0.999304175,0,1,0,1,1,2,2
haze_snow,480,0,1,0,1,0.257441103,0.992160261,0.000189117,0.998631775,0,1,0,1,1,2,2
haze_snow,484,0,1,0,1,0.189706415,0.982235432,3.94E-05,0.999794543,0,1,0,1,1,2,2
haze_snow,492,0,1,0,1,0.504917085,0.992347956,2.80E-05,0.999391437,1,1,0,1,0,2,3
haze_snow,493,0,1,0,1,0.303837329,0.998360217,5.82E-05,0.997150242,0,1,0,1,1,2,2
haze_snow,498,0,1,0,1,0.09929131,0.998292506,6.27E-05,0.99886632,0,1,0,1,1,2,2
haze_snow,503,0,1,0,1,0.342465639,0.996494234,2.13E-05,0.999853611,0,1,0,1,1,2,2
haze_snow,509,0,1,0,1,0.357924908,0.99617213,7.14E-05,0.999423862,0,1,0,1,1,2,2
haze_snow,556,0,1,0,1,0.42862922,0.997965693,4.39E-05,0.999767959,0,1,0,1,1,2,2
haze_snow,582,0,1,0,1,0.19544363,0.995767355,6.83E-05,0.99949491,0,1,0,1,1,2,2
haze_snow,605,0,1,0,1,0.521852553,0.9971928,1.68E-05,0.999932528,1,1,0,1,0,2,3
haze_snow,614,0,1,0,1,0.149999335,0.997149646,0.000144826,0.988099754,0,1,0,1,1,2,2
haze_snow,617,0,1,0,1,0.360375583,0.991527855,2.04E-05,0.999846339,0,1,0,1,1,2,2
haze_snow,645,0,1,0,1,0.273917019,0.997451127,5.59E-05,0.999549448,0,1,0,1,1,2,2
haze_snow,648,0,1,0,1,0.03854074,0.996622682,6.61E-05,0.999217033,0,1,0,1,1,2,2
haze_snow,652,0,1,0,1,0.397476792,0.992146194,4.43E-05,0.999751389,0,1,0,1,1,2,2
haze_snow,657,0,1,0,1,0.236520439,0.998723209,8.93E-05,0.98131001,0,1,0,1,1,2,2
haze_snow,659,0,1,0,1,0.072517179,0.996811569,0.000123667,0.996120512,0,1,0,1,1,2,2
haze_snow,668,0,1,0,1,0.213111952,0.997760653,3.99E-05,0.999628901,0,1,0,1,1,2,2
haze_snow,673,0,1,0,1,0.009707831,0.997605681,0.000186741,0.994262993,0,1,0,1,1,2,2
haze_snow,693,0,1,0,1,0.176342085,0.99823761,1.84E-05,0.999851942,0,1,0,1,1,2,2
haze_snow,710,0,1,0,1,0.266654193,0.994799495,7.67E-05,0.998959899,0,1,0,1,1,2,2
haze_snow,714,0,1,0,1,0.144564927,0.998143673,3.34E-05,0.999688268,0,1,0,1,1,2,2
haze_snow,730,0,1,0,1,0.11565537,0.995775044,0.000238596,0.998368561,0,1,0,1,1,2,2
haze_snow,747,0,1,0,1,0.238265619,0.998071253,4.76E-05,0.997461081,0,1,0,1,1,2,2
haze_snow,850,0,1,0,1,0.185738146,0.997444153,0.000166475,0.997494221,0,1,0,1,1,2,2
haze_snow,864,0,1,0,1,0.370193094,0.993667185,2.29E-05,0.999910951,0,1,0,1,1,2,2
haze_snow,866,0,1,0,1,0.349959075,0.867180645,4.02E-05,0.999873161,0,1,0,1,1,2,2
haze_snow,876,0,1,0,1,0.326238096,0.993806124,3.65E-05,0.999849916,0,1,0,1,1,2,2
haze_snow,890,0,1,0,1,0.284472048,0.993103683,4.99E-05,0.999807417,0,1,0,1,1,2,2
haze_snow,893,0,1,0,1,0.11366988,0.997101128,0.000281217,0.993280828,0,1,0,1,1,2,2
haze_snow,906,0,1,0,1,0.118938304,0.988566756,8.68E-05,0.999260485,0,1,0,1,1,2,2
haze_snow,915,0,1,0,1,0.461549819,0.992142439,2.96E-05,0.999902964,0,1,0,1,1,2,2
haze_snow,917,0,1,0,1,0.203275591,0.997608781,3.21E-05,0.999805033,0,1,0,1,1,2,2
haze_snow,919,0,1,0,1,0.238755941,0.998481452,0.000135143,0.987261057,0,1,0,1,1,2,2
haze_snow,922,0,1,0,1,0.036885116,0.989844084,7.78E-05,0.999322653,0,1,0,1,1,2,2
haze_snow,923,0,1,0,1,0.2561405,0.997616768,2.75E-05,0.999840379,0,1,0,1,1,2,2
haze_snow,943,0,1,0,1,0.382610083,0.99506712,1.82E-05,0.99991715,0,1,0,1,1,2,2
haze_snow,964,0,1,0,1,0.110414349,0.996732354,0.000311028,0.992487907,0,1,0,1,1,2,2
haze_snow,974,0,1,0,1,0.044760682,0.997086704,6.40E-05,0.99888891,0,1,0,1,1,2,2
haze_snow,977,0,1,0,1,0.154492155,0.990209699,0.00012689,0.999472201,0,1,0,1,1,2,2
haze_snow,986,0,1,0,1,0.283549368,0.996522546,4.81E-05,0.999658346,0,1,0,1,1,2,2
haze_snow,994,0,1,0,1,0.028212208,0.997614861,0.000101872,0.997950613,0,1,0,1,1,2,2
haze_snow,1039,0,1,0,1,0.180335253,0.994354129,0.000127252,0.996732235,0,1,0,1,1,2,2
haze_snow,1105,0,1,0,1,0.203077331,0.988744497,0.00016699,0.998765469,0,1,0,1,1,2,2
haze_snow,1148,0,1,0,1,0.073747821,0.947343469,7.51E-05,0.999511123,0,1,0,1,1,2,2
haze_snow,1218,0,1,0,1,0.178469747,0.981189251,0.000107091,0.999210596,0,1,0,1,1,2,2
haze_snow,1244,0,1,0,1,0.229898602,0.998756647,7.34E-05,0.99809283,0,1,0,1,1,2,2
haze_snow,1402,0,1,0,1,0.331676483,0.996613324,0.000870512,0.980651975,0,1,0,1,1,2,2
haze_snow,1792,0,1,0,1,0.286636084,0.991065204,3.10E-05,0.999879122,0,1,0,1,1,2,2
haze_snow,1970,0,1,0,1,0.334531665,0.998199821,5.73E-05,0.999599159,0,1,0,1,1,2,2
haze_snow,2155,0,1,0,1,0.597660065,0.997471809,1.37E-05,0.9999367,1,1,0,1,0,2,3
haze_snow,2172,0,1,0,1,0.232771546,0.998358428,0.000239696,0.992646456,0,1,0,1,1,2,2
haze_snow,2322,0,1,0,1,0.191284686,0.99805069,0.000178894,0.992908001,0,1,0,1,1,2,2
haze_snow,2331,0,1,0,1,0.191879869,0.998583317,3.58E-05,0.999470651,0,1,0,1,1,2,2
haze_snow,2335,0,1,0,1,0.328505397,0.984639287,2.40E-05,0.999798,0,1,0,1,1,2,2
haze_snow,2421,0,1,0,1,0.261867851,0.985448182,9.92E-05,0.999334276,0,1,0,1,1,2,2
haze_snow,2430,0,1,0,1,0.152880475,0.985388458,0.000409775,0.971507072,0,1,0,1,1,2,2
haze_snow,2441,0,1,0,1,0.156824932,0.990914226,0.000112278,0.999279201,0,1,0,1,1,2,2
haze_snow,2459,0,1,0,1,0.413606972,0.99781394,1.55E-05,0.999934554,0,1,0,1,1,2,2
haze_snow,2467,0,1,0,1,0.246082559,0.991591334,5.31E-05,0.999771893,0,1,0,1,1,2,2
haze_snow,2521,0,1,0,1,0.227940604,0.986020982,2.99E-05,0.999886632,0,1,0,1,1,2,2
haze_snow,2542,0,1,0,1,0.366645426,0.993914545,7.30E-05,0.997214735,0,1,0,1,1,2,2
haze_snow,2559,0,1,0,1,0.137907147,0.996990919,7.82E-05,0.999029398,0,1,0,1,1,2,2
haze_snow,2564,0,1,0,1,0.13771528,0.989214957,6.49E-05,0.999662399,0,1,0,1,1,2,2
haze_snow,2566,0,1,0,1,0.210136652,0.995871842,7.76E-05,0.999281228,0,1,0,1,1,2,2
haze_snow,2569,0,1,0,1,0.130046055,0.977455258,0.00014927,0.999078274,0,1,0,1,1,2,2
haze_snow,2602,0,1,0,1,0.264068127,0.995490253,4.82E-05,0.999613106,0,1,0,1,1,2,2
haze_snow,2782,0,1,0,1,0.316771656,0.81451726,3.02E-05,0.999869823,0,1,0,1,1,2,2
haze_snow,2958,0,1,0,1,0.166545615,0.993865907,3.97E-05,0.999696016,0,1,0,1,1,2,2
haze_snow,3028,0,1,0,1,0.182431892,0.990657091,9.70E-05,0.999525547,0,1,0,1,1,2,2
haze_snow,3089,0,1,0,1,0.17889522,0.980897605,4.32E-05,0.999807775,0,1,0,1,1,2,2
haze_snow,3143,0,1,0,1,0.257517725,0.996742189,3.49E-05,0.999737322,0,1,0,1,1,2,2
haze_snow,3248,0,1,0,1,0.436695784,0.984896064,8.15E-05,0.999574125,0,1,0,1,1,2,2
haze_snow,3266,0,1,0,1,0.203824595,0.998310685,0.000122872,0.995145857,0,1,0,1,1,2,2
haze_snow,3278,0,1,0,1,0.407478392,0.997614384,1.70E-05,0.999907374,0,1,0,1,1,2,2
haze_snow,3516,0,1,0,1,0.250774086,0.896026969,0.000163633,0.999408364,0,1,0,1,1,2,2
haze_snow,3826,0,1,0,1,0.459092915,0.98991102,4.20E-05,0.999790728,0,1,0,1,1,2,2
haze_snow,4073,0,1,0,1,0.160791114,0.992111683,0.00014811,0.995154977,0,1,0,1,1,2,2
haze_snow,4105,0,1,0,1,0.265787065,0.985561669,4.50E-05,0.999733865,0,1,0,1,1,2,2
haze_snow,4138,0,1,0,1,0.076609269,0.998467267,4.21E-05,0.998894632,0,1,0,1,1,2,2
haze_snow,4181,0,1,0,1,0.226337224,0.998495102,5.06E-05,0.99953413,0,1,0,1,1,2,2
haze_snow,4435,0,1,0,1,0.244208366,0.996406972,3.73E-05,0.999799669,0,1,0,1,1,2,2
haze_snow,4519,0,1,0,1,0.221633986,0.843730211,6.73E-05,0.999789059,0,1,0,1,1,2,2
haze_snow,4534,0,1,0,1,0.393018156,0.995508075,1.56E-05,0.999901533,0,1,0,1,1,2,2
haze_snow,4566,0,1,0,1,0.103221521,0.997928739,8.89E-05,0.996061385,0,1,0,1,1,2,2
haze_snow,4622,0,1,0,1,0.373876631,0.995573521,5.04E-05,0.999667168,0,1,0,1,1,2,2
haze_snow,4647,0,1,0,1,0.357661486,0.990684509,4.99E-05,0.999811709,0,1,0,1,1,2,2
haze_snow,6941,0,1,0,1,0.189578995,0.929505527,0.000106742,0.999492764,0,1,0,1,1,2,2
haze_snow,6942,0,1,0,1,0.176641881,0.953392923,0.000133853,0.999544561,0,1,0,1,1,2,2
haze_snow,6945,0,1,0,1,0.303440541,0.998252571,1.97E-05,0.999873638,0,1,0,1,1,2,2
haze_snow,6946,0,1,0,1,0.198651582,0.914346695,0.000361529,0.99708122,0,1,0,1,1,2,2
haze_snow,6951,0,1,0,1,0.168798983,0.98591888,0.000985456,0.972250998,0,1,0,1,1,2,2
haze_snow,6955,0,1,0,1,0.202230647,0.996773064,2.98E-05,0.999750078,0,1,0,1,1,2,2
haze_snow,6963,0,1,0,1,0.314853251,0.982112527,0.000110719,0.999480069,0,1,0,1,1,2,2
haze_snow,6968,0,1,0,1,0.135164306,0.992728114,0.000148043,0.998818338,0,1,0,1,1,2,2
haze_snow,6975,0,1,0,1,0.091270141,0.997176647,0.000320902,0.982327104,0,1,0,1,1,2,2
haze_snow,6978,0,1,0,1,0.291046619,0.992588878,6.16E-05,0.999627948,0,1,0,1,1,2,2
haze_snow,6986,0,1,0,1,0.347765803,0.989482522,0.000116865,0.999398351,0,1,0,1,1,2,2
haze_snow,6988,0,1,0,1,0.307020485,0.987049043,5.45E-05,0.99980253,0,1,0,1,1,2,2
haze_snow,7067,0,1,0,1,0.305936426,0.994080245,4.74E-05,0.999837041,0,1,0,1,1,2,2
haze_snow,7072,0,1,0,1,0.289464891,0.99025178,4.96E-05,0.99965024,0,1,0,1,1,2,2
haze_snow,7074,0,1,0,1,0.29392603,0.997463942,5.41E-05,0.998220503,0,1,0,1,1,2,2
haze_snow,7077,0,1,0,1,0.582477331,0.996493161,1.73E-05,0.999926686,1,1,0,1,0,2,3
haze_snow,7078,0,1,0,1,0.116715081,0.98686868,0.000105319,0.999312401,0,1,0,1,1,2,2
haze_snow,7080,0,1,0,1,0.134081796,0.992415428,0.000110156,0.998746634,0,1,0,1,1,2,2
haze_snow,7083,0,1,0,1,0.314967483,0.997694671,2.03E-05,0.999897838,0,1,0,1,1,2,2
haze_snow,7086,0,1,0,1,0.499880224,0.99555099,2.33E-05,0.999884963,0,1,0,1,1,2,2
haze_snow,7087,0,1,0,1,0.318028927,0.990356505,3.70E-05,0.99978143,0,1,0,1,1,2,2
haze_snow,7090,0,1,0,1,0.395634562,0.964095771,2.85E-05,0.999919653,0,1,0,1,1,2,2
haze_snow,7096,0,1,0,1,0.147365525,0.997766018,0.000284469,0.98997736,0,1,0,1,1,2,2
haze_snow,7186,0,1,0,1,0.253396809,0.961628854,0.00014675,0.999246955,0,1,0,1,1,2,2
haze_snow,7189,0,1,0,1,0.329185009,0.971463978,3.72E-05,0.999841928,0,1,0,1,1,2,2
haze_snow,7207,0,1,0,1,0.125423059,0.991723359,0.000162595,0.995829642,0,1,0,1,1,2,2
haze_snow,7214,0,1,0,1,0.261631012,0.964636445,2.70E-05,0.999843478,0,1,0,1,1,2,2
haze_snow,7227,0,1,0,1,0.31331113,0.985325277,3.97E-05,0.999796569,0,1,0,1,1,2,2
haze_snow,7229,0,1,0,1,0.300925344,0.995534539,2.76E-05,0.999890685,0,1,0,1,1,2,2
haze_snow,7234,0,1,0,1,0.209863111,0.986463308,6.19E-05,0.999764025,0,1,0,1,1,2,2
haze_snow,7235,0,1,0,1,0.302199602,0.993658483,9.10E-05,0.997290909,0,1,0,1,1,2,2
haze_snow,7236,0,1,0,1,0.53689146,0.996849358,1.69E-05,0.99990952,1,1,0,1,0,2,3
haze_snow,7246,0,1,0,1,0.096504569,0.996464849,0.000215458,0.995731413,0,1,0,1,1,2,2
haze_snow,7251,0,1,0,1,0.296922654,0.997793436,4.52E-05,0.999354661,0,1,0,1,1,2,2
low_haze_rain,2,1,1,1,0,0.999997616,0.999964118,0.999796331,6.57E-05,1,1,1,0,1,3,3
low_haze_rain,8,1,1,1,0,0.999998093,0.999973536,0.999710619,6.84E-05,1,1,1,0,1,3,3
low_haze_rain,10,1,1,1,0,0.999994397,0.999928594,0.999830127,4.69E-05,1,1,1,0,1,3,3
low_haze_rain,13,1,1,1,0,0.999998689,0.99999392,0.999848247,4.80E-05,1,1,1,0,1,3,3
low_haze_rain,18,1,1,1,0,0.999998212,0.999993563,0.999798596,7.69E-05,1,1,1,0,1,3,3
low_haze_rain,21,1,1,1,0,0.999887109,0.996449113,0.999536872,0.000132202,1,1,1,0,1,3,3
low_haze_rain,24,1,1,1,0,0.999996662,0.999989748,0.99988091,5.66E-05,1,1,1,0,1,3,3
low_haze_rain,28,1,1,1,0,0.999992967,0.999983907,0.99972719,7.51E-05,1,1,1,0,1,3,3
low_haze_rain,32,1,1,1,0,0.999994397,0.999963522,0.999711335,7.91E-05,1,1,1,0,1,3,3
low_haze_rain,44,1,1,1,0,0.99999702,0.999994636,0.999826729,4.72E-05,1,1,1,0,1,3,3
low_haze_rain,54,1,1,1,0,0.999996781,0.999993086,0.999737918,5.78E-05,1,1,1,0,1,3,3
low_haze_rain,55,1,1,1,0,0.999996543,0.999990582,0.999853134,3.68E-05,1,1,1,0,1,3,3
low_haze_rain,58,1,1,1,0,0.99999845,0.999998689,0.999846101,3.54E-05,1,1,1,0,1,3,3
low_haze_rain,60,1,1,1,0,0.999979138,0.999879479,0.999685049,8.98E-05,1,1,1,0,1,3,3
low_haze_rain,62,1,1,1,0,0.999996185,0.999969363,0.999793231,9.57E-05,1,1,1,0,1,3,3
low_haze_rain,67,1,1,1,0,0.999998569,0.999994278,0.999897957,3.16E-05,1,1,1,0,1,3,3
low_haze_rain,71,1,1,1,0,0.999996901,0.999972463,0.998973966,0.000227993,1,1,1,0,1,3,3
low_haze_rain,72,1,1,1,0,0.999997377,0.999994993,0.999830723,5.10E-05,1,1,1,0,1,3,3
low_haze_rain,74,1,1,1,0,0.999998331,0.999996662,0.999843359,3.92E-05,1,1,1,0,1,3,3
low_haze_rain,75,1,1,1,0,0.999997139,0.999975443,0.999463856,8.63E-05,1,1,1,0,1,3,3
low_haze_rain,81,1,1,1,0,0.999976158,0.993480325,0.999582112,0.000120069,1,1,1,0,1,3,3
low_haze_rain,88,1,1,1,0,0.999883175,0.968333244,0.999511719,0.000128791,1,1,1,0,1,3,3
low_haze_rain,93,1,1,1,0,0.999994874,0.999211907,0.999581873,0.000110016,1,1,1,0,1,3,3
low_haze_rain,95,1,1,1,0,0.999996543,0.999986172,0.99934572,0.000139008,1,1,1,0,1,3,3
low_haze_rain,96,1,1,1,0,0.999997735,0.999907613,0.999633074,7.43E-05,1,1,1,0,1,3,3
low_haze_rain,102,1,1,1,0,0.999995589,0.999929547,0.999902368,5.07E-05,1,1,1,0,1,3,3
low_haze_rain,111,1,1,1,0,0.999998212,0.999992728,0.999855042,4.18E-05,1,1,1,0,1,3,3
low_haze_rain,115,1,1,1,0,0.999996901,0.999995708,0.98442322,0.000437818,1,1,1,0,1,3,3
low_haze_rain,121,1,1,1,0,0.999965072,0.996661663,0.999109447,0.000208335,1,1,1,0,1,3,3
low_haze_rain,124,1,1,1,0,0.999997973,0.999991179,0.99984026,6.92E-05,1,1,1,0,1,3,3
low_haze_rain,125,1,1,1,0,0.999997854,0.999994397,0.999845266,3.67E-05,1,1,1,0,1,3,3
low_haze_rain,128,1,1,1,0,0.99999547,0.999988556,0.999834776,4.63E-05,1,1,1,0,1,3,3
low_haze_rain,131,1,1,1,0,0.99999845,0.999995112,0.99967742,6.95E-05,1,1,1,0,1,3,3
low_haze_rain,135,1,1,1,0,0.99999845,0.999994278,0.999855399,4.18E-05,1,1,1,0,1,3,3
low_haze_rain,140,1,1,1,0,0.999997616,0.999997497,0.999847174,4.59E-05,1,1,1,0,1,3,3
low_haze_rain,143,1,1,1,0,0.999989271,0.999988794,0.999493957,5.71E-05,1,1,1,0,1,3,3
low_haze_rain,145,1,1,1,0,0.999997973,0.999994397,0.999834776,6.40E-05,1,1,1,0,1,3,3
low_haze_rain,146,1,1,1,0,0.999991775,0.99998641,0.99970299,8.15E-05,1,1,1,0,1,3,3
low_haze_rain,151,1,1,1,0,0.999998689,0.999997497,0.999787033,5.06E-05,1,1,1,0,1,3,3
low_haze_rain,156,1,1,1,0,0.999996781,0.999993324,0.999661684,7.10E-05,1,1,1,0,1,3,3
low_haze_rain,157,1,1,1,0,0.999998093,0.999998093,0.999907851,3.00E-05,1,1,1,0,1,3,3
low_haze_rain,173,1,1,1,0,0.999997735,0.99999702,0.999345124,0.000101267,1,1,1,0,1,3,3
low_haze_rain,181,1,1,1,0,0.999996066,0.999957919,0.999192059,0.000168733,1,1,1,0,1,3,3
low_haze_rain,191,1,1,1,0,0.999998331,0.99998939,0.999901056,2.72E-05,1,1,1,0,1,3,3
low_haze_rain,205,1,1,1,0,0.999993324,0.999950409,0.999670386,0.00011189,1,1,1,0,1,3,3
low_haze_rain,208,1,1,1,0,0.999996781,0.99998045,0.998420477,0.00014959,1,1,1,0,1,3,3
low_haze_rain,213,1,1,1,0,0.999996781,0.999935746,0.999273717,0.000125786,1,1,1,0,1,3,3
low_haze_rain,218,1,1,1,0,0.999983907,0.989205241,0.999783218,7.75E-05,1,1,1,0,1,3,3
low_haze_rain,221,1,1,1,0,0.999972701,0.99925369,0.999682665,0.000109227,1,1,1,0,1,3,3
low_haze_rain,222,1,1,1,0,0.999995351,0.999944329,0.999705374,7.65E-05,1,1,1,0,1,3,3
low_haze_rain,226,1,1,1,0,0.999993086,0.99998343,0.99979049,4.37E-05,1,1,1,0,1,3,3
low_haze_rain,231,1,1,1,0,0.999912858,0.999973297,0.999821723,3.49E-05,1,1,1,0,1,3,3
low_haze_rain,321,1,1,1,0,0.99999845,0.999993443,0.999853015,3.37E-05,1,1,1,0,1,3,3
low_haze_rain,337,1,1,1,0,0.999991298,0.999948263,0.999804914,6.09E-05,1,1,1,0,1,3,3
low_haze_rain,339,1,1,1,0,0.999972582,0.995030642,0.999425888,0.000144871,1,1,1,0,1,3,3
low_haze_rain,343,1,1,1,0,0.999987841,0.999863029,0.998905182,0.000155294,1,1,1,0,1,3,3
low_haze_rain,344,1,1,1,0,0.999977112,0.995928466,0.997718811,0.000276669,1,1,1,0,1,3,3
low_haze_rain,347,1,1,1,0,0.999987006,0.999738276,0.99923265,7.62E-05,1,1,1,0,1,3,3
low_haze_rain,357,1,1,1,0,0.999995589,0.999988675,0.999800622,5.39E-05,1,1,1,0,1,3,3
low_haze_rain,359,1,1,1,0,0.999974608,0.999705017,0.999687791,0.000163828,1,1,1,0,1,3,3
low_haze_rain,360,1,1,1,0,0.999983191,0.996681869,0.999655485,8.18E-05,1,1,1,0,1,3,3
low_haze_rain,364,1,1,1,0,0.999998212,0.999985099,0.999929905,3.02E-05,1,1,1,0,1,3,3
low_haze_rain,366,1,1,1,0,0.999996066,0.999985218,0.999754369,6.81E-05,1,1,1,0,1,3,3
low_haze_rain,370,1,1,1,0,0.999996781,0.999973416,0.999484777,0.000165857,1,1,1,0,1,3,3
low_haze_rain,371,1,1,1,0,0.450137317,0.984181523,0.997797251,0.00025371,0,1,1,0,0,3,2
low_haze_rain,372,1,1,1,0,0.999996901,0.999983072,0.999774158,7.48E-05,1,1,1,0,1,3,3
low_haze_rain,374,1,1,1,0,0.999991417,0.999952316,0.999403119,0.000135903,1,1,1,0,1,3,3
low_haze_rain,376,1,1,1,0,0.999995828,0.999962568,0.999808252,7.16E-05,1,1,1,0,1,3,3
low_haze_rain,400,1,1,1,0,0.999963999,0.999277413,0.999586761,0.000105714,1,1,1,0,1,3,3
low_haze_rain,421,1,1,1,0,0.99999547,0.999971986,0.822880805,0.002422054,1,1,1,0,1,3,3
low_haze_rain,422,1,1,1,0,0.99999845,0.999996543,0.999766767,7.54E-05,1,1,1,0,1,3,3
low_haze_rain,431,1,1,1,0,0.999970675,0.999479711,0.999695897,6.92E-05,1,1,1,0,1,3,3
low_haze_rain,432,1,1,1,0,0.999964356,0.999006927,0.99978596,7.16E-05,1,1,1,0,1,3,3
low_haze_rain,448,1,1,1,0,0.999995112,0.998826444,0.999827623,6.89E-05,1,1,1,0,1,3,3
low_haze_rain,468,1,1,1,0,0.999995232,0.999742925,0.999707758,7.93E-05,1,1,1,0,1,3,3
low_haze_rain,469,1,1,1,0,0.999996185,0.999990821,0.999687195,7.18E-05,1,1,1,0,1,3,3
low_haze_rain,471,1,1,1,0,0.999990225,0.998093784,0.999889851,5.58E-05,1,1,1,0,1,3,3
low_haze_rain,473,1,1,1,0,0.999998331,0.999985337,0.999841452,3.94E-05,1,1,1,0,1,3,3
low_haze_rain,475,1,1,1,0,0.999998093,0.999995708,0.999733508,8.05E-05,1,1,1,0,1,3,3
low_haze_rain,480,1,1,1,0,0.999991775,0.999846458,0.999845147,7.38E-05,1,1,1,0,1,3,3
low_haze_rain,484,1,1,1,0,0.999997735,0.999981284,0.998820245,0.000151348,1,1,1,0,1,3,3
low_haze_rain,492,1,1,1,0,0.999995351,0.999979734,0.99991858,2.41E-05,1,1,1,0,1,3,3
low_haze_rain,493,1,1,1,0,0.999996901,0.999986768,0.999409556,0.000104032,1,1,1,0,1,3,3
low_haze_rain,498,1,1,1,0,0.999997854,0.999998093,0.9990381,8.66E-05,1,1,1,0,1,3,3
low_haze_rain,503,1,1,1,0,0.99999249,0.999987125,0.999749839,5.77E-05,1,1,1,0,1,3,3
low_haze_rain,509,1,1,1,0,0.999998093,0.999991179,0.999842286,5.36E-05,1,1,1,0,1,3,3
low_haze_rain,556,1,1,1,0,0.999998093,0.999977231,0.999790847,0.000108262,1,1,1,0,1,3,3
low_haze_rain,582,1,1,1,0,0.999996424,0.999994397,0.999302506,0.000115377,1,1,1,0,1,3,3
low_haze_rain,605,1,1,1,0,0.999998212,0.999962211,0.999855757,3.14E-05,1,1,1,0,1,3,3
low_haze_rain,614,1,1,1,0,0.999976873,0.999910235,0.999827206,5.41E-05,1,1,1,0,1,3,3
low_haze_rain,617,1,1,1,0,0.999998808,0.999998569,0.999586284,4.87E-05,1,1,1,0,1,3,3
low_haze_rain,645,1,1,1,0,0.999996424,0.999990463,0.996319294,0.000500198,1,1,1,0,1,3,3
low_haze_rain,648,1,1,1,0,0.999990702,0.999948621,0.999880791,3.96E-05,1,1,1,0,1,3,3
low_haze_rain,652,1,1,1,0,0.999994516,0.99990499,0.999009132,0.000130657,1,1,1,0,1,3,3
low_haze_rain,657,1,1,1,0,0.999996662,0.999988317,0.999891281,3.59E-05,1,1,1,0,1,3,3
low_haze_rain,659,1,1,1,0,0.999994755,0.99984777,0.521123111,0.001387007,1,1,1,0,1,3,3
low_haze_rain,668,1,1,1,0,0.999990821,0.999955773,0.999710739,8.07E-05,1,1,1,0,1,3,3
low_haze_rain,673,1,1,1,0,0.912099361,0.997340739,0.999700546,3.34E-05,1,1,1,0,1,3,3
low_haze_rain,693,1,1,1,0,0.999908209,0.999763668,0.999408722,0.000104593,1,1,1,0,1,3,3
low_haze_rain,710,1,1,1,0,0.999995589,0.999980092,0.998239994,0.000221725,1,1,1,0,1,3,3
low_haze_rain,714,1,1,1,0,0.632863045,0.999883771,0.99969089,3.24E-05,1,1,1,0,1,3,3
low_haze_rain,730,1,1,1,0,0.479283512,0.998218954,0.999480665,8.02E-05,0,1,1,0,0,3,2
low_haze_rain,747,1,1,1,0,0.999996424,0.999924541,0.970254719,0.000554533,1,1,1,0,1,3,3
low_haze_rain,850,1,1,1,0,0.999995351,0.99999392,0.999296904,0.000240945,1,1,1,0,1,3,3
low_haze_rain,864,1,1,1,0,0.999998808,0.999992728,0.999864221,4.47E-05,1,1,1,0,1,3,3
low_haze_rain,866,1,1,1,0,0.999993682,0.99991405,0.999724448,6.56E-05,1,1,1,0,1,3,3
low_haze_rain,876,1,1,1,0,0.999974728,0.999982238,0.999841332,4.29E-05,1,1,1,0,1,3,3
low_haze_rain,890,1,1,1,0,0.999994755,0.999977946,0.999733269,8.20E-05,1,1,1,0,1,3,3
low_haze_rain,893,1,1,1,0,0.999998331,0.999993086,0.999704897,9.53E-05,1,1,1,0,1,3,3
low_haze_rain,906,1,1,1,0,0.999998331,0.999997735,0.999850035,4.34E-05,1,1,1,0,1,3,3
low_haze_rain,915,1,1,1,0,0.999996901,0.999965906,0.999826491,7.39E-05,1,1,1,0,1,3,3
low_haze_rain,917,1,1,1,0,0.999997616,0.999994993,0.999816239,4.96E-05,1,1,1,0,1,3,3
low_haze_rain,919,1,1,1,0,0.999997497,0.999994755,0.999844909,5.81E-05,1,1,1,0,1,3,3
low_haze_rain,922,1,1,1,0,0.999997616,0.999949336,0.998917103,0.000108008,1,1,1,0,1,3,3
low_haze_rain,923,1,1,1,0,0.999996424,0.999511123,0.99975127,5.46E-05,1,1,1,0,1,3,3
low_haze_rain,943,1,1,1,0,0.999997139,0.999997735,0.99921298,6.39E-05,1,1,1,0,1,3,3
low_haze_rain,964,1,1,1,0,0.99999702,0.999961257,0.999647737,8.08E-05,1,1,1,0,1,3,3
low_haze_rain,974,1,1,1,0,0.999994516,0.999997377,0.999859095,2.91E-05,1,1,1,0,1,3,3
low_haze_rain,977,1,1,1,0,0.99999702,0.999995589,0.999768317,4.65E-05,1,1,1,0,1,3,3
low_haze_rain,986,1,1,1,0,0.999990582,0.999754965,0.999556005,0.000105993,1,1,1,0,1,3,3
low_haze_rain,994,1,1,1,0,0.695845246,0.999950647,0.999436557,4.33E-05,1,1,1,0,1,3,3
low_haze_rain,1039,1,1,1,0,0.999996066,0.999992728,0.999864697,4.72E-05,1,1,1,0,1,3,3
low_haze_rain,1105,1,1,1,0,0.999992609,0.989627004,0.999774754,6.18E-05,1,1,1,0,1,3,3
low_haze_rain,1148,1,1,1,0,0.999981761,0.999854803,0.999233723,0.000164584,1,1,1,0,1,3,3
low_haze_rain,1218,1,1,1,0,0.999995828,0.999965906,0.999553502,0.000112007,1,1,1,0,1,3,3
low_haze_rain,1244,1,1,1,0,0.999995828,0.999471366,0.999756157,8.46E-05,1,1,1,0,1,3,3
low_haze_rain,1402,1,1,1,0,0.999998331,0.999990344,0.999718964,7.37E-05,1,1,1,0,1,3,3
low_haze_rain,1792,1,1,1,0,0.55825448,0.999493003,0.999479473,8.00E-05,1,1,1,0,1,3,3
low_haze_rain,1970,1,1,1,0,0.999994755,0.999993443,0.999757349,9.38E-05,1,1,1,0,1,3,3
low_haze_rain,2155,1,1,1,0,0.999993682,0.99999547,0.999873161,3.01E-05,1,1,1,0,1,3,3
low_haze_rain,2172,1,1,1,0,0.999997735,0.999995112,0.99975723,7.82E-05,1,1,1,0,1,3,3
low_haze_rain,2322,1,1,1,0,0.999997377,0.999997497,0.999831557,4.96E-05,1,1,1,0,1,3,3
low_haze_rain,2331,1,1,1,0,0.999998808,0.999998569,0.999403119,6.54E-05,1,1,1,0,1,3,3
low_haze_rain,2335,1,1,1,0,0.999997139,0.999993801,0.99886179,9.15E-05,1,1,1,0,1,3,3
low_haze_rain,2421,1,1,1,0,0.999998093,0.999997854,0.999809444,4.76E-05,1,1,1,0,1,3,3
low_haze_rain,2430,1,1,1,0,0.999998569,0.99999845,0.999777496,6.39E-05,1,1,1,0,1,3,3
low_haze_rain,2441,1,1,1,0,0.999992251,0.999868035,0.999826014,8.99E-05,1,1,1,0,1,3,3
low_haze_rain,2459,1,1,1,0,0.99998045,0.999982357,0.999748528,5.53E-05,1,1,1,0,1,3,3
low_haze_rain,2467,1,1,1,0,0.999997735,0.999982476,0.999912381,3.22E-05,1,1,1,0,1,3,3
low_haze_rain,2521,1,1,1,0,0.999996543,0.999980092,0.999819696,4.39E-05,1,1,1,0,1,3,3
low_haze_rain,2542,1,1,1,0,0.99999845,0.999994755,0.999794185,6.63E-05,1,1,1,0,1,3,3
low_haze_rain,2559,1,1,1,0,0.999996305,0.999932647,0.999922395,3.39E-05,1,1,1,0,1,3,3
low_haze_rain,2564,1,1,1,0,0.999998093,0.999997616,0.99956888,6.93E-05,1,1,1,0,1,3,3
low_haze_rain,2566,1,1,1,0,0.999998093,0.999994993,0.999808133,5.55E-05,1,1,1,0,1,3,3
low_haze_rain,2569,1,1,1,0,0.999989867,0.998699188,0.999776661,0.000104784,1,1,1,0,1,3,3
low_haze_rain,2602,1,1,1,0,0.999998689,0.999998093,0.999551833,6.76E-05,1,1,1,0,1,3,3
low_haze_rain,2782,1,1,1,0,0.999997973,0.999284804,0.999704182,8.19E-05,1,1,1,0,1,3,3
low_haze_rain,2958,1,1,1,0,0.99999392,0.999945521,0.99784863,0.000339174,1,1,1,0,1,3,3
low_haze_rain,3028,1,1,1,0,0.99999404,0.999974251,0.999738157,6.66E-05,1,1,1,0,1,3,3
low_haze_rain,3089,1,1,1,0,0.999997854,0.999957323,0.999673367,5.31E-05,1,1,1,0,1,3,3
low_haze_rain,3143,1,1,1,0,0.999958634,0.99297744,0.999767005,8.91E-05,1,1,1,0,1,3,3
low_haze_rain,3248,1,1,1,0,0.999996781,0.999992013,0.999791324,6.20E-05,1,1,1,0,1,3,3
low_haze_rain,3266,1,1,1,0,0.999996424,0.999987483,0.999664307,0.000120618,1,1,1,0,1,3,3
low_haze_rain,3278,1,1,1,0,0.999998689,0.999999404,0.999767959,3.84E-05,1,1,1,0,1,3,3
low_haze_rain,3516,1,1,1,0,0.999998093,0.999986768,0.999859095,6.56E-05,1,1,1,0,1,3,3
low_haze_rain,3826,1,1,1,0,0.790055394,0.974476457,0.999679923,4.76E-05,1,1,1,0,1,3,3
low_haze_rain,4073,1,1,1,0,0.999969363,0.999775946,0.999667048,0.000137728,1,1,1,0,1,3,3
low_haze_rain,4105,1,1,1,0,0.999995589,0.999975562,0.999736249,6.84E-05,1,1,1,0,1,3,3
low_haze_rain,4138,1,1,1,0,0.999991894,0.999996543,0.999815643,4.03E-05,1,1,1,0,1,3,3
low_haze_rain,4181,1,1,1,0,0.417422384,0.999739945,0.998664379,0.000166509,0,1,1,0,0,3,2
low_haze_rain,4435,1,1,1,0,0.999997377,0.999995232,0.999838948,3.70E-05,1,1,1,0,1,3,3
low_haze_rain,4519,1,1,1,0,0.999997377,0.999998093,0.999824345,4.37E-05,1,1,1,0,1,3,3
low_haze_rain,4534,1,1,1,0,0.999994993,0.999997854,0.999866486,2.51E-05,1,1,1,0,1,3,3
low_haze_rain,4566,1,1,1,0,0.427920431,0.999542356,0.998480499,0.000155797,0,1,1,0,0,3,2
low_haze_rain,4622,1,1,1,0,0.999997258,0.999987841,0.999640107,8.11E-05,1,1,1,0,1,3,3
low_haze_rain,4647,1,1,1,0,0.999995708,0.999887347,0.999651551,7.54E-05,1,1,1,0,1,3,3
low_haze_rain,6941,1,1,1,0,0.999997854,0.999996185,0.999796093,5.22E-05,1,1,1,0,1,3,3
low_haze_rain,6942,1,1,1,0,0.999995589,0.999805033,0.999467075,0.000160695,1,1,1,0,1,3,3
low_haze_rain,6945,1,1,1,0,0.999998569,0.999998808,0.999865294,3.04E-05,1,1,1,0,1,3,3
low_haze_rain,6946,1,1,1,0,0.99999392,0.999761283,0.999616981,0.000147794,1,1,1,0,1,3,3
low_haze_rain,6951,1,1,1,0,0.999997377,0.999993205,0.999848127,7.66E-05,1,1,1,0,1,3,3
low_haze_rain,6955,1,1,1,0,0.999998093,0.999981284,0.999927759,2.35E-05,1,1,1,0,1,3,3
low_haze_rain,6963,1,1,1,0,0.999994636,0.996726632,0.999801576,6.19E-05,1,1,1,0,1,3,3
low_haze_rain,6968,1,1,1,0,0.999975324,0.99872607,0.999569714,0.0001678,1,1,1,0,1,3,3
low_haze_rain,6975,1,1,1,0,0.999997139,0.999984145,0.999759376,9.05E-05,1,1,1,0,1,3,3
low_haze_rain,6978,1,1,1,0,0.999994159,0.999731481,0.999672055,7.38E-05,1,1,1,0,1,3,3
low_haze_rain,6986,1,1,1,0,0.999991894,0.999690771,0.999876738,3.98E-05,1,1,1,0,1,3,3
low_haze_rain,6988,1,1,1,0,0.999995947,0.999961972,0.999713123,8.56E-05,1,1,1,0,1,3,3
low_haze_rain,7067,1,1,1,0,0.99998796,0.999959111,0.999817193,7.77E-05,1,1,1,0,1,3,3
low_haze_rain,7072,1,1,1,0,0.99999404,0.998335302,0.999536633,0.000101268,1,1,1,0,1,3,3
low_haze_rain,7074,1,1,1,0,0.999997497,0.999996424,0.999540448,8.97E-05,1,1,1,0,1,3,3
low_haze_rain,7077,1,1,1,0,0.999998212,0.999998689,0.996991754,0.000132482,1,1,1,0,1,3,3
low_haze_rain,7078,1,1,1,0,0.999985576,0.999977231,0.999643803,0.000100065,1,1,1,0,1,3,3
low_haze_rain,7080,1,1,1,0,0.999996305,0.999991298,0.999688506,8.19E-05,1,1,1,0,1,3,3
low_haze_rain,7083,1,1,1,0,0.999997139,0.999972343,0.999821723,5.80E-05,1,1,1,0,1,3,3
low_haze_rain,7086,1,1,1,0,0.999995589,0.999997616,0.999738157,7.71E-05,1,1,1,0,1,3,3
low_haze_rain,7087,1,1,1,0,0.999994397,0.99994123,0.999806106,7.71E-05,1,1,1,0,1,3,3
low_haze_rain,7090,1,1,1,0,0.999998808,0.999997973,0.999713957,5.01E-05,1,1,1,0,1,3,3
low_haze_rain,7096,1,1,1,0,0.999994755,0.999955893,0.999896049,4.55E-05,1,1,1,0,1,3,3
low_haze_rain,7186,1,1,1,0,0.999995112,0.999938488,0.999841571,6.03E-05,1,1,1,0,1,3,3
low_haze_rain,7189,1,1,1,0,0.999998093,0.999979734,0.999307394,0.000128487,1,1,1,0,1,3,3
low_haze_rain,7207,1,1,1,0,0.999995947,0.99997437,0.999732673,7.79E-05,1,1,1,0,1,3,3
low_haze_rain,7214,1,1,1,0,0.999974847,0.999973774,0.999843121,3.67E-05,1,1,1,0,1,3,3
low_haze_rain,7227,1,1,1,0,0.999998569,0.99999702,0.999835014,5.56E-05,1,1,1,0,1,3,3
low_haze_rain,7229,1,1,1,0,0.999989986,0.999931931,0.999864578,4.67E-05,1,1,1,0,1,3,3
low_haze_rain,7234,1,1,1,0,0.999997735,0.99999702,0.99938035,6.46E-05,1,1,1,0,1,3,3
low_haze_rain,7235,1,1,1,0,0.999963641,0.99997282,0.999814212,7.73E-05,1,1,1,0,1,3,3
low_haze_rain,7236,1,1,1,0,0.999998331,0.999996781,0.999687672,4.67E-05,1,1,1,0,1,3,3
low_haze_rain,7246,1,1,1,0,0.999997139,0.999986172,0.999860644,6.04E-05,1,1,1,0,1,3,3
low_haze_rain,7251,1,1,1,0,0.999995351,0.999996066,0.999884367,3.28E-05,1,1,1,0,1,3,3
low_haze_snow,2,1,1,0,1,0.999992609,0.999687195,1.01E-05,0.999922752,1,1,0,1,1,3,3
low_haze_snow,8,1,1,0,1,0.999993086,0.999676228,6.88E-06,0.999972105,1,1,0,1,1,3,3
low_haze_snow,10,1,1,0,1,0.999992251,0.999809802,5.84E-06,0.999963045,1,1,0,1,1,3,3
low_haze_snow,13,1,1,0,1,0.999987364,0.99839133,6.33E-06,0.999978781,1,1,0,1,1,3,3
low_haze_snow,18,1,1,0,1,0.999994278,0.999978542,6.82E-06,0.999925375,1,1,0,1,1,3,3
low_haze_snow,21,1,1,0,1,0.99998343,0.999316931,1.08E-05,0.999955654,1,1,0,1,1,3,3
low_haze_snow,24,1,1,0,1,0.999980211,0.999803603,6.96E-06,0.999947548,1,1,0,1,1,3,3
low_haze_snow,28,1,1,0,1,0.999993443,0.999914289,1.36E-05,0.999806106,1,1,0,1,1,3,3
low_haze_snow,32,1,1,0,1,0.999995112,0.999944091,8.38E-06,0.99985683,1,1,0,1,1,3,3
low_haze_snow,44,1,1,0,1,0.999996901,0.999958992,3.27E-06,0.999980211,1,1,0,1,1,3,3
low_haze_snow,54,1,1,0,1,0.9999156,0.991879761,2.83E-05,0.999890566,1,1,0,1,1,3,3
low_haze_snow,55,1,1,0,1,0.999989271,0.999944925,8.04E-06,0.999905348,1,1,0,1,1,3,3
low_haze_snow,58,1,1,0,1,0.999991655,0.999977469,5.68E-06,0.999930739,1,1,0,1,1,3,3
low_haze_snow,60,1,1,0,1,0.999981761,0.999920845,6.80E-06,0.999778926,1,1,0,1,1,3,3
low_haze_snow,62,1,1,0,1,0.999995112,0.999950886,4.22E-06,0.999934673,1,1,0,1,1,3,3
low_haze_snow,67,1,1,0,1,0.999982476,0.994162858,1.35E-05,0.999883294,1,1,0,1,1,3,3
low_haze_snow,71,1,1,0,1,0.999989986,0.999365866,7.95E-06,0.999956727,1,1,0,1,1,3,3
low_haze_snow,72,1,1,0,1,0.999978065,0.999884605,5.51E-06,0.99996078,1,1,0,1,1,3,3
low_haze_snow,74,1,1,0,1,0.999994516,0.99998343,3.14E-06,0.999952316,1,1,0,1,1,3,3
low_haze_snow,75,1,1,0,1,0.999996901,0.999941587,5.85E-06,0.999940872,1,1,0,1,1,3,3
low_haze_snow,81,1,1,0,1,0.999989748,0.999339283,7.25E-06,0.999945402,1,1,0,1,1,3,3
low_haze_snow,88,1,1,0,1,0.999992609,0.999958396,2.24E-05,0.998769462,1,1,0,1,1,3,3
low_haze_snow,93,1,1,0,1,0.99999702,0.999972701,6.18E-06,0.999893308,1,1,0,1,1,3,3
low_haze_snow,95,1,1,0,1,0.999984026,0.998470128,5.60E-06,0.999982357,1,1,0,1,1,3,3
low_haze_snow,96,1,1,0,1,0.999978185,0.994151056,8.94E-06,0.999972105,1,1,0,1,1,3,3
low_haze_snow,102,1,1,0,1,0.999996781,0.999967694,8.85E-06,0.999897242,1,1,0,1,1,3,3
low_haze_snow,111,1,1,0,1,0.99999547,0.999964833,1.59E-05,0.999456465,1,1,0,1,1,3,3
low_haze_snow,115,1,1,0,1,0.999985218,0.998150527,1.16E-05,0.999911547,1,1,0,1,1,3,3
low_haze_snow,121,1,1,0,1,0.999997258,0.999995112,3.68E-06,0.999932528,1,1,0,1,1,3,3
low_haze_snow,124,1,1,0,1,0.999996781,0.999960542,4.98E-06,0.999955297,1,1,0,1,1,3,3
low_haze_snow,125,1,1,0,1,0.999990225,0.999913096,7.18E-06,0.999910951,1,1,0,1,1,3,3
low_haze_snow,128,1,1,0,1,0.999996781,0.999933839,7.18E-06,0.999946713,1,1,0,1,1,3,3
low_haze_snow,131,1,1,0,1,0.999996662,0.999964118,7.16E-06,0.999952316,1,1,0,1,1,3,3
low_haze_snow,135,1,1,0,1,0.999995828,0.999919057,6.01E-06,0.999948263,1,1,0,1,1,3,3
low_haze_snow,140,1,1,0,1,0.999987602,0.999927402,3.26E-06,0.999978542,1,1,0,1,1,3,3
low_haze_snow,143,1,1,0,1,0.999930739,0.999332011,6.23E-06,0.999976277,1,1,0,1,1,3,3
low_haze_snow,145,1,1,0,1,0.999988675,0.999808371,6.88E-06,0.999968767,1,1,0,1,1,3,3
low_haze_snow,146,1,1,0,1,0.999986529,0.99906522,1.25E-05,0.999764025,1,1,0,1,1,3,3
low_haze_snow,151,1,1,0,1,0.999997735,0.999988198,5.67E-06,0.999951124,1,1,0,1,1,3,3
low_haze_snow,156,1,1,0,1,0.999996543,0.999983311,4.98E-06,0.999958515,1,1,0,1,1,3,3
low_haze_snow,157,1,1,0,1,0.999992609,0.999934435,6.09E-06,0.999958277,1,1,0,1,1,3,3
low_haze_snow,173,1,1,0,1,0.999993205,0.999855042,8.23E-06,0.999929786,1,1,0,1,1,3,3
low_haze_snow,181,1,1,0,1,0.999991655,0.999956727,9.29E-06,0.999874234,1,1,0,1,1,3,3
low_haze_snow,191,1,1,0,1,0.99999249,0.999913216,6.10E-06,0.999933362,1,1,0,1,1,3,3
low_haze_snow,205,1,1,0,1,0.999991655,0.999564588,8.54E-06,0.999949455,1,1,0,1,1,3,3
low_haze_snow,208,1,1,0,1,0.99999702,0.999975324,4.16E-06,0.999949813,1,1,0,1,1,3,3
low_haze_snow,213,1,1,0,1,0.999993324,0.999944091,1.24E-05,0.999869585,1,1,0,1,1,3,3
low_haze_snow,218,1,1,0,1,0.999997973,0.999987125,6.36E-06,0.999908447,1,1,0,1,1,3,3
low_haze_snow,221,1,1,0,1,0.999994397,0.999979496,2.98E-06,0.999966741,1,1,0,1,1,3,3
low_haze_snow,222,1,1,0,1,0.999993801,0.999940515,9.39E-06,0.999882936,1,1,0,1,1,3,3
low_haze_snow,226,1,1,0,1,0.999975443,0.998379946,7.63E-06,0.999951005,1,1,0,1,1,3,3
low_haze_snow,231,1,1,0,1,0.99999392,0.999827206,4.12E-06,0.9999789,1,1,0,1,1,3,3
low_haze_snow,321,1,1,0,1,0.99999392,0.999978185,2.80E-06,0.999972701,1,1,0,1,1,3,3
low_haze_snow,337,1,1,0,1,0.99999392,0.999974012,2.93E-06,0.999975324,1,1,0,1,1,3,3
low_haze_snow,339,1,1,0,1,0.999995708,0.999939561,4.85E-06,0.999960899,1,1,0,1,1,3,3
low_haze_snow,343,1,1,0,1,0.999991655,0.999785364,8.43E-06,0.999956727,1,1,0,1,1,3,3
low_haze_snow,344,1,1,0,1,0.999989629,0.999456465,1.03E-05,0.999906421,1,1,0,1,1,3,3
low_haze_snow,347,1,1,0,1,0.999925137,0.991392255,1.45E-05,0.999940515,1,1,0,1,1,3,3
low_haze_snow,357,1,1,0,1,0.999994516,0.999929428,6.47E-06,0.999939442,1,1,0,1,1,3,3
low_haze_snow,359,1,1,0,1,0.999988914,0.999791324,1.48E-05,0.999912381,1,1,0,1,1,3,3
low_haze_snow,360,1,1,0,1,0.99998796,0.999863625,4.87E-06,0.999967575,1,1,0,1,1,3,3
low_haze_snow,364,1,1,0,1,0.999984384,0.999454796,4.70E-05,0.998473108,1,1,0,1,1,3,3
low_haze_snow,366,1,1,0,1,0.999997497,0.999982834,6.59E-06,0.999944925,1,1,0,1,1,3,3
low_haze_snow,370,1,1,0,1,0.999997377,0.999960065,6.47E-06,0.999929428,1,1,0,1,1,3,3
low_haze_snow,371,1,1,0,1,0.35894838,0.977187991,6.97E-05,0.999744952,0,1,0,1,0,3,2
low_haze_snow,372,1,1,0,1,0.999991298,0.999955177,5.34E-06,0.999961019,1,1,0,1,1,3,3
low_haze_snow,374,1,1,0,1,0.999995232,0.999940038,5.22E-06,0.999959826,1,1,0,1,1,3,3
low_haze_snow,376,1,1,0,1,0.999992609,0.999910355,1.44E-05,0.99979049,1,1,0,1,1,3,3
low_haze_snow,400,1,1,0,1,0.999995947,0.999902368,6.62E-06,0.999957204,1,1,0,1,1,3,3
low_haze_snow,421,1,1,0,1,0.999995947,0.999930739,6.85E-06,0.999920726,1,1,0,1,1,3,3
low_haze_snow,422,1,1,0,1,0.999993682,0.999950171,7.11E-06,0.999866247,1,1,0,1,1,3,3
low_haze_snow,431,1,1,0,1,0.999987483,0.999894381,8.88E-06,0.999904513,1,1,0,1,1,3,3
low_haze_snow,432,1,1,0,1,0.999983072,0.999665618,2.56E-05,0.999467194,1,1,0,1,1,3,3
low_haze_snow,448,1,1,0,1,0.999996901,0.999983788,1.12E-05,0.999741137,1,1,0,1,1,3,3
low_haze_snow,468,1,1,0,1,0.999972343,0.967501223,1.25E-05,0.999961376,1,1,0,1,1,3,3
low_haze_snow,469,1,1,0,1,0.999968767,0.998139381,6.37E-06,0.999981046,1,1,0,1,1,3,3
low_haze_snow,471,1,1,0,1,0.999988198,0.999647975,7.18E-06,0.99996376,1,1,0,1,1,3,3
low_haze_snow,473,1,1,0,1,0.999996662,0.999942899,5.30E-06,0.999958158,1,1,0,1,1,3,3
low_haze_snow,475,1,1,0,1,0.999993324,0.999875784,6.90E-06,0.9999547,1,1,0,1,1,3,3
low_haze_snow,480,1,1,0,1,0.999996424,0.999929309,1.33E-05,0.999910951,1,1,0,1,1,3,3
low_haze_snow,484,1,1,0,1,0.999995947,0.99993217,8.16E-06,0.999918818,1,1,0,1,1,3,3
low_haze_snow,492,1,1,0,1,0.99999404,0.999982595,3.56E-06,0.999958277,1,1,0,1,1,3,3
low_haze_snow,493,1,1,0,1,0.999948859,0.996046007,1.42E-05,0.999951601,1,1,0,1,1,3,3
low_haze_snow,498,1,1,0,1,0.999997616,0.999989271,5.05E-06,0.999932885,1,1,0,1,1,3,3
low_haze_snow,503,1,1,0,1,0.999982357,0.999733508,4.62E-06,0.999975681,1,1,0,1,1,3,3
low_haze_snow,509,1,1,0,1,0.999996901,0.999988675,1.18E-05,0.999715745,1,1,0,1,1,3,3
low_haze_snow,556,1,1,0,1,0.999994278,0.999928594,4.51E-06,0.999970317,1,1,0,1,1,3,3
low_haze_snow,582,1,1,0,1,0.999998212,0.99999404,4.29E-06,0.999954224,1,1,0,1,1,3,3
low_haze_snow,605,1,1,0,1,0.999994755,0.999853849,6.03E-06,0.999936461,1,1,0,1,1,3,3
low_haze_snow,614,1,1,0,1,0.999990582,0.999913096,1.32E-05,0.999656677,1,1,0,1,1,3,3
low_haze_snow,617,1,1,0,1,0.999993801,0.999993682,5.41E-06,0.999852061,1,1,0,1,1,3,3
low_haze_snow,645,1,1,0,1,0.999989748,0.999428928,8.80E-06,0.999965549,1,1,0,1,1,3,3
low_haze_snow,648,1,1,0,1,0.999984622,0.998794198,7.08E-06,0.999973655,1,1,0,1,1,3,3
low_haze_snow,652,1,1,0,1,0.999988794,0.998946726,1.03E-05,0.999950886,1,1,0,1,1,3,3
low_haze_snow,657,1,1,0,1,0.999996424,0.999959946,3.60E-05,0.999478757,1,1,0,1,1,3,3
low_haze_snow,659,1,1,0,1,0.999997377,0.999980092,6.49E-06,0.999930859,1,1,0,1,1,3,3
low_haze_snow,668,1,1,0,1,0.999995947,0.999949217,3.14E-06,0.999983907,1,1,0,1,1,3,3
low_haze_snow,673,1,1,0,1,0.861529648,0.998444736,7.77E-06,0.999958754,1,1,0,1,1,3,3
low_haze_snow,693,1,1,0,1,0.999966979,0.999883175,3.79E-06,0.999978542,1,1,0,1,1,3,3
low_haze_snow,710,1,1,0,1,0.999996543,0.999980211,9.66E-06,0.99981457,1,1,0,1,1,3,3
low_haze_snow,714,1,1,0,1,0.541797936,0.999079227,1.14E-05,0.999904752,1,1,0,1,1,3,3
low_haze_snow,730,1,1,0,1,0.381813794,0.996755064,3.47E-05,0.999817431,0,1,0,1,0,3,2
low_haze_snow,747,1,1,0,1,0.999993563,0.999835134,5.19E-06,0.999949574,1,1,0,1,1,3,3
low_haze_snow,850,1,1,0,1,0.999996066,0.999979615,5.97E-06,0.999949336,1,1,0,1,1,3,3
low_haze_snow,864,1,1,0,1,0.999994397,0.999965429,4.03E-06,0.99996078,1,1,0,1,1,3,3
low_haze_snow,866,1,1,0,1,0.99990654,0.994794786,8.28E-06,0.99998045,1,1,0,1,1,3,3
low_haze_snow,876,1,1,0,1,0.999988914,0.999924541,5.95E-06,0.999905825,1,1,0,1,1,3,3
low_haze_snow,890,1,1,0,1,0.999984384,0.999832749,5.89E-06,0.999954343,1,1,0,1,1,3,3
low_haze_snow,893,1,1,0,1,0.999997497,0.999991298,6.22E-06,0.999874592,1,1,0,1,1,3,3
low_haze_snow,906,1,1,0,1,0.999997735,0.999957204,1.03E-05,0.999924421,1,1,0,1,1,3,3
low_haze_snow,915,1,1,0,1,0.99999702,0.999979973,5.75E-06,0.99993968,1,1,0,1,1,3,3
low_haze_snow,917,1,1,0,1,0.99999702,0.999952197,3.12E-05,0.9997347,1,1,0,1,1,3,3
low_haze_snow,919,1,1,0,1,0.999997616,0.999991536,4.55E-06,0.999908924,1,1,0,1,1,3,3
low_haze_snow,922,1,1,0,1,0.999991655,0.999827325,6.46E-06,0.999954581,1,1,0,1,1,3,3
low_haze_snow,923,1,1,0,1,0.999986887,0.999934793,4.50E-06,0.999971628,1,1,0,1,1,3,3
low_haze_snow,943,1,1,0,1,0.999765098,0.936516523,2.42E-05,0.999921799,1,1,0,1,1,3,3
low_haze_snow,964,1,1,0,1,0.999987721,0.999545515,2.92E-05,0.999314427,1,1,0,1,1,3,3
low_haze_snow,974,1,1,0,1,0.999982119,0.999736488,1.26E-05,0.999912858,1,1,0,1,1,3,3
low_haze_snow,977,1,1,0,1,0.999993682,0.999971867,5.14E-06,0.999940634,1,1,0,1,1,3,3
low_haze_snow,986,1,1,0,1,0.999996662,0.99995923,5.00E-06,0.99996686,1,1,0,1,1,3,3
low_haze_snow,994,1,1,0,1,0.521444082,0.998965263,1.40E-05,0.999875188,1,1,0,1,1,3,3
low_haze_snow,1039,1,1,0,1,0.999993682,0.999977708,1.00E-05,0.999750197,1,1,0,1,1,3,3
low_haze_snow,1105,1,1,0,1,0.999990702,0.999443948,2.06E-05,0.999816,1,1,0,1,1,3,3
low_haze_snow,1148,1,1,0,1,0.999981761,0.99832052,1.15E-05,0.999948621,1,1,0,1,1,3,3
low_haze_snow,1218,1,1,0,1,0.999988198,0.999839664,8.82E-06,0.999885678,1,1,0,1,1,3,3
low_haze_snow,1244,1,1,0,1,0.999993324,0.999886513,7.95E-06,0.999900579,1,1,0,1,1,3,3
low_haze_snow,1402,1,1,0,1,0.999993443,0.999924302,9.36E-06,0.999909043,1,1,0,1,1,3,3
low_haze_snow,1792,1,1,0,1,0.475032479,0.997535229,1.88E-05,0.999864101,0,1,0,1,0,3,2
low_haze_snow,1970,1,1,0,1,0.999977946,0.999420643,1.78E-05,0.999887705,1,1,0,1,1,3,3
low_haze_snow,2155,1,1,0,1,0.999975324,0.999593794,5.83E-06,0.999976397,1,1,0,1,1,3,3
low_haze_snow,2172,1,1,0,1,0.999996305,0.999988079,3.63E-06,0.999927402,1,1,0,1,1,3,3
low_haze_snow,2322,1,1,0,1,0.99999249,0.999972701,9.68E-06,0.99985373,1,1,0,1,1,3,3
low_haze_snow,2331,1,1,0,1,0.99987793,0.991945207,1.24E-05,0.999958038,1,1,0,1,1,3,3
low_haze_snow,2335,1,1,0,1,0.999987602,0.999783456,5.60E-06,0.999919057,1,1,0,1,1,3,3
low_haze_snow,2421,1,1,0,1,0.999992728,0.999923825,6.49E-06,0.999951482,1,1,0,1,1,3,3
low_haze_snow,2430,1,1,0,1,0.999994993,0.999959826,2.85E-05,0.999257147,1,1,0,1,1,3,3
low_haze_snow,2441,1,1,0,1,0.999997139,0.999981642,6.24E-06,0.999932408,1,1,0,1,1,3,3
low_haze_snow,2459,1,1,0,1,0.999995232,0.999981284,2.40E-06,0.999978423,1,1,0,1,1,3,3
low_haze_snow,2467,1,1,0,1,0.99999249,0.999881387,5.87E-06,0.999966979,1,1,0,1,1,3,3
low_haze_snow,2521,1,1,0,1,0.999983191,0.996982396,1.29E-05,0.999836087,1,1,0,1,1,3,3
low_haze_snow,2542,1,1,0,1,0.99999547,0.99986732,5.05E-06,0.99996388,1,1,0,1,1,3,3
low_haze_snow,2559,1,1,0,1,0.999992967,0.99993217,4.07E-06,0.999965549,1,1,0,1,1,3,3
low_haze_snow,2564,1,1,0,1,0.999994278,0.999875546,1.10E-05,0.999768078,1,1,0,1,1,3,3
low_haze_snow,2566,1,1,0,1,0.999990582,0.999845147,3.56E-06,0.999985814,1,1,0,1,1,3,3
low_haze_snow,2569,1,1,0,1,0.999987125,0.999527216,0.000104854,0.996234953,1,1,0,1,1,3,3
low_haze_snow,2602,1,1,0,1,0.999993443,0.999885678,6.46E-06,0.999964714,1,1,0,1,1,3,3
low_haze_snow,2782,1,1,0,1,0.99998951,0.985854089,8.44E-06,0.999942183,1,1,0,1,1,3,3
low_haze_snow,2958,1,1,0,1,0.999994993,0.999949098,2.17E-05,0.99916923,1,1,0,1,1,3,3
low_haze_snow,3028,1,1,0,1,0.999995112,0.999966264,6.52E-06,0.999932289,1,1,0,1,1,3,3
low_haze_snow,3089,1,1,0,1,0.999984145,0.998470843,1.82E-05,0.99992764,1,1,0,1,1,3,3
low_haze_snow,3143,1,1,0,1,0.999989629,0.999772489,4.07E-06,0.99996388,1,1,0,1,1,3,3
low_haze_snow,3248,1,1,0,1,0.999997616,0.999960423,9.23E-06,0.999928713,1,1,0,1,1,3,3
low_haze_snow,3266,1,1,0,1,0.999997377,0.999982119,5.12E-06,0.999913454,1,1,0,1,1,3,3
low_haze_snow,3278,1,1,0,1,0.999992251,0.999913096,4.19E-06,0.99996829,1,1,0,1,1,3,3
low_haze_snow,3516,1,1,0,1,0.999994636,0.999943733,1.34E-05,0.999916911,1,1,0,1,1,3,3
low_haze_snow,3826,1,1,0,1,0.706480861,0.98685962,2.83E-05,0.999873042,1,1,0,1,1,3,3
low_haze_snow,4073,1,1,0,1,0.999977469,0.999609768,1.04E-05,0.999897599,1,1,0,1,1,3,3
low_haze_snow,4105,1,1,0,1,0.999994516,0.999965668,8.66E-06,0.999789178,1,1,0,1,1,3,3
low_haze_snow,4138,1,1,0,1,0.999971509,0.998420715,7.29E-06,0.999956369,1,1,0,1,1,3,3
low_haze_snow,4181,1,1,0,1,0.291698664,0.997159362,4.14E-05,0.999649644,0,1,0,1,0,3,2
low_haze_snow,4435,1,1,0,1,0.999995708,0.999878645,6.47E-06,0.999952555,1,1,0,1,1,3,3
low_haze_snow,4519,1,1,0,1,0.999986172,0.999621391,6.37E-06,0.999972939,1,1,0,1,1,3,3
low_haze_snow,4534,1,1,0,1,0.999987245,0.999570429,5.33E-06,0.999948144,1,1,0,1,1,3,3
low_haze_snow,4566,1,1,0,1,0.44852227,0.992025554,3.33E-05,0.999849916,0,1,0,1,0,3,2
low_haze_snow,4622,1,1,0,1,0.999990344,0.999884963,5.83E-06,0.999955297,1,1,0,1,1,3,3
low_haze_snow,4647,1,1,0,1,0.999991179,0.999820173,1.15E-05,0.999774158,1,1,0,1,1,3,3
low_haze_snow,6941,1,1,0,1,0.999990344,0.999845505,9.92E-06,0.999767244,1,1,0,1,1,3,3
low_haze_snow,6942,1,1,0,1,0.999994516,0.999690294,1.17E-05,0.999923468,1,1,0,1,1,3,3
low_haze_snow,6945,1,1,0,1,0.999995351,0.999978185,2.91E-06,0.999969363,1,1,0,1,1,3,3
low_haze_snow,6946,1,1,0,1,0.999990821,0.999724209,3.55E-05,0.999611914,1,1,0,1,1,3,3
low_haze_snow,6951,1,1,0,1,0.999996305,0.999969959,9.69E-06,0.999898791,1,1,0,1,1,3,3
low_haze_snow,6955,1,1,0,1,0.99999094,0.999014139,6.23E-06,0.999957442,1,1,0,1,1,3,3
low_haze_snow,6963,1,1,0,1,0.999995589,0.999879122,1.38E-05,0.999897838,1,1,0,1,1,3,3
low_haze_snow,6968,1,1,0,1,0.999991775,0.999763548,5.49E-06,0.999980807,1,1,0,1,1,3,3
low_haze_snow,6975,1,1,0,1,0.999989748,0.999909997,3.14E-05,0.996545374,1,1,0,1,1,3,3
low_haze_snow,6978,1,1,0,1,0.999995947,0.999911904,1.35E-05,0.999944806,1,1,0,1,1,3,3
low_haze_snow,6986,1,1,0,1,0.999991417,0.99972862,1.01E-05,0.999881387,1,1,0,1,1,3,3
low_haze_snow,6988,1,1,0,1,0.999992251,0.999848962,9.12E-06,0.999887466,1,1,0,1,1,3,3
low_haze_snow,7067,1,1,0,1,0.999984503,0.999767244,7.85E-06,0.999954104,1,1,0,1,1,3,3
low_haze_snow,7072,1,1,0,1,0.999995112,0.999957681,1.16E-05,0.999904871,1,1,0,1,1,3,3
low_haze_snow,7074,1,1,0,1,0.999993086,0.999965072,5.03E-06,0.999949098,1,1,0,1,1,3,3
low_haze_snow,7077,1,1,0,1,0.999991536,0.999969482,3.96E-06,0.999919891,1,1,0,1,1,3,3
low_haze_snow,7078,1,1,0,1,0.999995112,0.999927282,6.90E-05,0.998749375,1,1,0,1,1,3,3
low_haze_snow,7080,1,1,0,1,0.999994159,0.999861717,5.60E-06,0.999966025,1,1,0,1,1,3,3
low_haze_snow,7083,1,1,0,1,0.999988675,0.999606431,6.48E-06,0.99995935,1,1,0,1,1,3,3
low_haze_snow,7086,1,1,0,1,0.999996066,0.999978781,4.01E-06,0.999972105,1,1,0,1,1,3,3
low_haze_snow,7087,1,1,0,1,0.999991894,0.999974012,3.81E-06,0.999931931,1,1,0,1,1,3,3
low_haze_snow,7090,1,1,0,1,0.999987721,0.998865962,7.04E-06,0.999956965,1,1,0,1,1,3,3
low_haze_snow,7096,1,1,0,1,0.999997497,0.999973416,5.54E-06,0.999935865,1,1,0,1,1,3,3
low_haze_snow,7186,1,1,0,1,0.999984145,0.99834919,8.37E-06,0.99997592,1,1,0,1,1,3,3
low_haze_snow,7189,1,1,0,1,0.999994636,0.999888539,1.86E-05,0.999886036,1,1,0,1,1,3,3
low_haze_snow,7207,1,1,0,1,0.999965787,0.997431338,8.69E-06,0.999962091,1,1,0,1,1,3,3
low_haze_snow,7214,1,1,0,1,0.999985218,0.99632287,1.40E-05,0.999916673,1,1,0,1,1,3,3
low_haze_snow,7227,1,1,0,1,0.999996424,0.999945283,4.02E-06,0.99997735,1,1,0,1,1,3,3
low_haze_snow,7229,1,1,0,1,0.999990702,0.999640226,5.79E-06,0.999928355,1,1,0,1,1,3,3
low_haze_snow,7234,1,1,0,1,0.99999094,0.99984026,3.77E-06,0.999985337,1,1,0,1,1,3,3
low_haze_snow,7235,1,1,0,1,0.999995351,0.999801338,3.89E-06,0.999986291,1,1,0,1,1,3,3
low_haze_snow,7236,1,1,0,1,0.99998343,0.999862909,4.21E-06,0.999979138,1,1,0,1,1,3,3
low_haze_snow,7246,1,1,0,1,0.999988556,0.999853253,1.12E-05,0.999850273,1,1,0,1,1,3,3
low_haze_snow,7251,1,1,0,1,0.999992371,0.999900818,1.34E-05,0.999773681,1,1,0,1,1,3,3
